"title","level","grade","class","个人差","初見殺し"
"50th Memorial Songs-二人の時-[VVD]","16","16S","地力","0","0"
"Glorious journey[EXH]","16","16S","地力","0","0"
"jack-the-Ripper♦[EXH]","16","16S","地力","0","0"
"Re:Elemental Creation[EXH]","16","16S","地力","0","0"
"ZEИITH[EXH]","16","16S","地力","0","0"
"50th Memorial Songs-Flagship medley-[VVD]","16","16A～16B","地力","0","0"
"Adansonia[MXM]","16","16A～16B","地力","0","0"
"Aurolla[EXH]","16","16A～16B","地力","0","0"
"Call of the World[EXH]","16","16A～16B","地力","0","0"
"choux à la crème[EXH]","16","16A～16B","地力","0","0"
"Completeness Under Incomplete[EXH]","16","16A～16B","地力","0","0"
"Crack Traxxxx[EXH]","16","16A～16B","地力","0","0"
"crossing blue[EXH]","16","16A～16B","地力","0","0"
"Destiny[EXH]","16","16A～16B","地力","0","0"
"Dogeza Stairs[EXH]","16","16A～16B","地力","0","0"
"Doppelganger[EXH]","16","16A～16B","地力","0","0"
"FIRE FIREは電気スウィングの夢を見るか？","16","16A～16B","地力","0","0"
"FIRST:DREAM[EXH]","16","16A～16B","地力","0","0"
"Flaa Behaivor[MXM]","16","16A～16B","地力","0","0"
"FlwoerNation[MXM]","16","16A～16B","地力","0","0"
"FLOWER REDALiCE Remix[EXH]","16","16A～16B","地力","0","0"
"GERBERA[EXH]","16","16A～16B","地力","0","0"
"Help me,CODYYYYYY!![GRV]","16","16A～16B","地力","0","0"
"innocent[EXH]","16","16A～16B","地力","0","0"
"lEyl[EXH]","16","16A～16B","地力","0","0"
"Lionheart[MXM]","16","16A～16B","地力","0","0"
"Lunartic Dial","16","16A～16B","地力","0","0"
"MeteorA[EXH]","16","16A～16B","地力","0","0"
"MODEL FT4[EXH]","16","16A～16B","地力","0","0"
"NEO TREASON[EXH]","16","16A～16B","地力","0","0"
"Ok!! Hug Me[EXH]","16","16A～16B","地力","0","0"
"PUPA[EXH]","16","16A～16B","地力","0","0"
"Redshift[EXH]","16","16A～16B","地力","0","0"
"Re:End of a Dream[EXH]","16","16A～16B","地力","0","0"
"SAKURAスキップ(ハピネスmix) [MXM]","16","16A～16B","地力","0","0"
"She is my wife","16","16A～16B","地力","0","0"
"Sounds of Summer","16","16A～16B","地力","1","0"
"Stella Sinistra","16","16A～16B","地力","0","0"
"Togather Going My Way[MXM]","16","16A～16B","地力","0","0"
"TRIGGER★HAPPY[GRV]","16","16A～16B","地力","0","0"
"VOLTEXES III","16","16A～16B","地力","0","0"
"Xevel[EXH]","16","16A～16B","地力","0","0"
"アライヴ[MXM]","16","16A～16B","地力","0","0"
"裏表ラバーズ[MXM]","16","16A～16B","地力","0","0"
"踊るフィーバーロボ","16","16A～16B","地力","0","0"
"キリステゴメン[MXM]","16","16A～16B","地力","0","0"
"偶然？ 必然？ アンビバレンス！[MXM]","16","16A～16B","地力","0","0"
"けもののおうじゃ めうめう[MXM]","16","16A～16B","地力","0","0"
"コンベア速度Maxしゃいにん☆廻転ズシ","16","16A～16B","地力","0","0"
"最終鬼畜妹フランドール・S[EXH]","16","16A～16B","地力","0","0"
"少女救世論[MXM]","16","16A～16B","地力","0","0"
"スピーカーガール！[GRV]","16","16A～16B","地力","0","0"
"晴天Bon Voyage[MXM]","16","16A～16B","地力","0","0"
"千客万来☆無問題！","16","16A～16B","地力","0","0"
"タイムトラベル[EXH]","16","16A～16B","地力","0","0"
"チルノのパーフェクトさんすう教室⑨周年[MXM]","16","16A～16B","地力","0","0"
"ツーマンライブ[GRV]","16","16A～16B","地力","0","0"
"つるぺったん[MXM]","16","16A～16B","地力","0","0"
"抜刀[MXM]","16","16A～16B","地力","0","0"
"はわわｗ！な展開っ！[GRV]","16","16A～16B","地力","0","0"
"三つ数えろ","16","16A～16B","地力","0","0"
"冥 Rockin' SWING REMIX[EXH]","16","16A～16B","地力","0","0"
"ロストワンの号哭[GRV]","16","16A～16B","地力","0","0"
"私とあなたのMYOURENJI☆[MXM]","16","16A～16B","地力","0","0"
"私の恋色。[MXM]","16","16A～16B","地力","0","0"
"AA BlackY mix[EXH]","16","16A～16B","鍵盤","0","0"
"Barbatos[EXH]","16","16A～16B","鍵盤","0","0"
"Celestial stinger[EXH]","16","16A～16B","鍵盤","0","0"
"croiX[EXH]","16","16A～16B","鍵盤","1","0"
"Dawn of Asia[GRV]","16","16A～16B","鍵盤","0","0"
"eternite[EXH]","16","16A～16B","鍵盤","0","0"
"GALAXY BURST[EXH]","16","16A～16B","鍵盤","0","0"
"Gott[EXH]","16","16A～16B","鍵盤","0","0"
"Hyper☆Chipspace","16","16A～16B","鍵盤","0","0"
"Immortal Saga[EXH]","16","16A～16B","鍵盤","0","0"
"KHAMEN BREAK[EXH]","16","16A～16B","鍵盤","0","0"
"KHAMEN BREAK[INF]","16","16A～16B","鍵盤","0","0"
"MAGATORO","16","16A～16B","鍵盤","0","0"
"Qubism[EXH]","16","16A～16B","鍵盤","0","0"
"Ring!Run!Nyan!![EXH]","16","16A～16B","鍵盤","0","0"
"Scarlet Pinheel","16","16A～16B","鍵盤","0","0"
"STULTI[EXH]","16","16A～16B","鍵盤","0","0"
"Venomous Firefry[EXH]","16","16A～16B","鍵盤","0","0"
"VISION[GRV]","16","16A～16B","鍵盤","0","0"
"オニユリ[EXH]","16","16A～16B","鍵盤","0","0"
"スペクトラム[MXM]","16","16A～16B","鍵盤","0","0"
"デストロイマーチ","16","16A～16B","鍵盤","0","0"
"ドリームエンド・サバイバー[EXH]","16","16A～16B","鍵盤","0","0"
"ハイスピヰド・ランパンシヰ","16","16A～16B","鍵盤","0","0"
"び[EXH]","16","16A～16B","鍵盤","0","0"
"ラクガキスト[EXH]","16","16A～16B","鍵盤","0","0"
"Atropa bella-donna[EXH] ","16","16A～16B","つまみ","0","0"
"Blacksphere","16","16A～16B","つまみ","0","0"
"C18H27NO3[EXH]","16","16A～16B","つまみ","1","0"
"Dignity","16","16A～16B","つまみ","0","0"
"ERROR CODE[GRV]","16","16A～16B","つまみ","0","0"
"Genesis At Oasis(Matsudo)[MXM]","16","16A～16B","つまみ","0","0"
"Juggler`s Maddness[EXH]","16","16A～16B","つまみ","0","0"
"KIRAMEKI OVERDRIVE[MXM]","16","16A～16B","つまみ","0","0"
"Little Big Princess[MXM]","16","16A～16B","つまみ","0","0"
"Mind Mapping(ag Remix)[MXM]","16","16A～16B","つまみ","0","0"
"Sweetest Paranoia[MXM]","16","16A～16B","つまみ","0","0"
"U.N.オーエンは彼女なのか(TO-HOlic)","16","16A～16B","つまみ","0","0"
"World Vertex[GRV]","16","16A～16B","つまみ","0","0"
"アナーキーインザ夕景","16","16A～16B","つまみ","0","0"
"斑鳩[MXM]","16","16A～16B","つまみ","1","0"
"ウエンレラの氷華[EXH]","16","16A～16B","つまみ","0","0"
"「月風魔伝」龍骨鬼戦 yks Remix[INF]","16","16A～16B","つまみ","0","0"
"最小三倍完全数[EXH]","16","16A～16B","つまみ","0","0"
"幸せになれる隠しコマンドがあるらしい","16","16A～16B","つまみ","1","0"
"チルノのパーフェクトさんすう教室[INF]","16","16A～16B","つまみ","0","0"
"トーホータノシ feat.抹[MXM]","16","16A～16B","つまみ","0","0"
"ひとりぼっちの魔王[MXM]","16","16A～16B","つまみ","0","1"
"゜*。Chantilly Fille。*°[MXM]","16","16C～16D","地力","0","0"
"4NT1 D34D[MXM]","16","16C～16D","地力","0","0"
"Absurd Gaff[EXH]","16","16C～16D","地力","0","0"
"Addicted Moon[MXM]","16","16C～16D","地力","0","0"
"apo:llioth[EXH]","16","16C～16D","地力","0","0"
"Black Lotus[EXH]","16","16C～16D","地力","0","0"
"BLAZING_LAZER[EXH]","16","16C～16D","地力","0","0"
"Blessing Bouquet[EXH]","16","16C～16D","地力","0","0"
"BlueMoon Princess[EXH]","16","16C～16D","地力","0","0"
"Breakin` Asia[EXH]","16","16C～16D","地力","0","0"
"Candy Star[MXM]","16","16C～16D","地力","0","0"
"caramel ribbon[INF]","16","16C～16D","地力","0","0"
"CHERNOBOG[EXH]","16","16C～16D","地力","0","0"
"Claidheamh Soluis-光の剣-[MXM]","16","16C～16D","地力","0","0"
"Cleopatrysm[INF]","16","16C～16D","地力","0","0"
"Cloud 9[EXH]","16","16C～16D","地力","0","0"
"Cloud Crasher[EXH]","16","16C～16D","地力","0","0"
"Colors[MXM]","16","16C～16D","地力","0","0"
"couleur automnes de chocolat [MXM]","16","16C～16D","地力","0","0"
"disordered asia[MXM]","16","16C～16D","地力","0","0"
"Dooooope[VVD]","16","16C～16D","地力","0","0"
"Dreadnought[EXH]","16","16C～16D","地力","0","0"
"dreamin' of u[MXM]","16","16C～16D","地力","0","0"
"eastward -sdvx edit-","16","16C～16D","地力","0","0"
"Elemental Creation(Kamome mix)[EXH]","16","16C～16D","地力","0","1"
"Engraved Mark -Gow's ill!-[MXM]","16","16C～16D","地力","0","0"
"Finally Dive -kors k Remix-[MXM]","16","16C～16D","地力","0","0"
"floating girl[VVD]","16","16C～16D","地力","0","0"
"Get Over!![MXM]","16","16C～16D","地力","0","0"
"Hi-Fi!!双子`s[MXM]","16","16C～16D","地力","0","0"
"HIGHER[MXM]","16","16C～16D","地力","0","0"
"Hoshizora Illumination[EXH]","16","16C～16D","地力","0","0"
"Invisible Full Moon[MXM]","16","16C～16D","地力","0","0"
"JUNKIE FLAVOR[EXH]","16","16C～16D","地力","0","0"
"JǛPITΨR ♃ GЯÃVITÝ[EXH]","16","16C～16D","地力","0","0"
"La Danza del Fuego[MXM]","16","16C～16D","地力","0","0"
"LastΩmega[EXH]","16","16C～16D","地力","1","0"
"LECTORIA[EXH]","16","16C～16D","地力","0","0"
"Le Fruit Défendu","16","16C～16D","地力","0","0"
"Levier'n NābYss[EXH]","16","16C～16D","地力","0","0"
"Make Majic[EXH]","16","16C～16D","地力","0","0"
"METATRON[EXH]","16","16C～16D","地力","0","0"
"MeteorGlow Aftermath[EXH]","16","16C～16D","地力","0","0"
"Midnight City Warfare[EXH]","16","16C～16D","地力","0","0"
"moon[MXM]","16","16C～16D","地力","0","0"
"Nhelv[EXH]","16","16C～16D","地力","0","0"
"Noisy Minority[EXH]","16","16C～16D","地力","0","0"
"Nostalgic Blood of the Strife[EXH]","16","16C～16D","地力","0","0"
"Onigo[EXH]","16","16C～16D","地力","0","0"
"only my railgun[MXM]","16","16C～16D","地力","0","0"
"On take SUN[EXH]","16","16C～16D","地力","0","0"
"ouroboros -twin stroke of the end-[EXH]","16","16C～16D","地力","0","0"
"Our Faith (takdrive remix)","16","16C～16D","地力","0","0"
"ΩVERFLOW[EXH]","16","16C～16D","地力","0","0"
"PANIC HOLIC[EXH]","16","16C～16D","地力","0","0"
"POP TEAM EPIC[MXM]","16","16C～16D","地力","0","0"
"Prey [EXH]","16","16C～16D","地力","0","0"
"Princess K[MXM]","16","16C～16D","地力","0","0"
"PROVOES*PROPOSE[EXH]","16","16C～16D","地力","0","0"
"Question.","16","16C～16D","地力","0","0"
"Ray[HVN]","16","16C～16D","地力","0","0"
"Reb∞t[EXH]","16","16C～16D","地力","0","0"
"SAMURAI TIGER[EXH]","16","16C～16D","地力","0","0"
"SAtAN[EXH]","16","16C～16D","地力","0","0"
"starmine (nora2r Remix)[MXM]","16","16C～16D","地力","0","0"
"Sweetiex2[MXM]","16","16C～16D","地力","0","0"
"Sweet Requiem[EXH]","16","16C～16D","地力","0","0"
"Taiko Drum Monster[EXH]","16","16C～16D","地力","0","0"
"Time to Air (jazz it up style)[MXM]","16","16C～16D","地力","0","0"
"To:BrandNewDeadline[EXH]","16","16C～16D","地力","0","0"
"Turn the story[EXH]","16","16C～16D","地力","0","0"
"Unicorn tail Dustboxxxx RMX[EXH]","16","16C～16D","地力","0","0"
"Valanga(polysha Remix)[EXH]","16","16C～16D","地力","0","0"
"Wuv U(pico/ustic rmx)","16","16C～16D","地力","0","0"
"インフルエンサー・イズ・デッド[MXM]","16","16C～16D","地力","0","0"
"嘘とぬいぐるみ[MXM]","16","16C～16D","地力","0","0"
"有頂天ビバーチェ","16","16C～16D","地力","0","0"
"ウバワレ[EXH]","16","16C～16D","地力","0","0"
"オトゲラヴ！[MXM]","16","16C～16D","地力","0","0"
"おはようからおやすみまでかまってポメポメ[EXH]","16","16C～16D","地力","0","0"
"かくしん的☆めたまるふぉ～ぜっ！(crabMixx)[MXM]","16","16C～16D","地力","0","0"
"我楽多イノセンス","16","16C～16D","地力","0","0"
"神獄烙桜[EXH]","16","16C～16D","地力","0","0"
"響縁","16","16C～16D","地力","0","0"
"狂騒こども節[MXM]","16","16C～16D","地力","0","0"
"クノイチでも恋がしたい","16","16C～16D","地力","0","0"
"恋するレインガール[VVD]","16","16C～16D","地力","0","0"
"孤独の番人[EXH]","16","16C～16D","地力","0","0"
"シノビシノノメ[MXM]","16","16C～16D","地力","0","0"
"祝福の色彩は想い結ぶ君たち迄[EXH]","16","16C～16D","地力","0","0"
"深海シティアンダーグラウンド","16","16C～16D","地力","0","0"
"スイーツはとまらない♪[MXM]","16","16C～16D","地力","0","0"
"すきなことでいいです[MXM]","16","16C～16D","地力","0","0"
"誰が為に兎は舞う＝狂速狂騒曲＝[EXH]","16","16C～16D","地力","0","0"
"つぶやき魔法少女りむる","16","16C～16D","地力","0","0"
"テレポーテーションでやってきた彼との[MXM]","16","16C～16D","地力","0","0"
"ドゥンガドゥンガ狂詩曲","16","16C～16D","地力","0","0"
"トーキョーサマーナイト[VVD]","16","16C～16D","地力","0","0"
"夏色DIARY -SD'VmiX-[GRV]","16","16C～16D","地力","0","0"
"ぱあ[MXM]","16","16C～16D","地力","0","0"
"光射す澪のユズリハ[EXH]","16","16C～16D","地力","0","0"
"プレインエイジア -PHQ remix-","16","16C～16D","地力","0","0"
"星の透る夏空に願う[EXH]","16","16C～16D","地力","0","0"
"ホワイトパレード[EXH]","16","16C～16D","地力","0","0"
"マトリョシカ[MXM]","16","16C～16D","地力","0","0"
"回レ！雪月花(Heart`s Cry Remix)[MXM]","16","16C～16D","地力","0","0"
"ミッドナイト☆WAR[EXH]","16","16C～16D","地力","0","0"
"港町レディ[MXM]","16","16C～16D","地力","0","0"
"迷夢ソウル[MXM]","16","16C～16D","地力","0","0"
"妄想税[MXM]","16","16C～16D","地力","0","0"
"モザイクロール[MXM]","16","16C～16D","地力","0","0"
"ユニバーページ(i-word Mix)[MXM]","16","16C～16D","地力","0","0"
"ローリンガール[MXM]","16","16C～16D","地力","0","0"
"ロンロンへ ライライライ！[EXH]","16","16C～16D","地力","0","1"
"惑星☆ロリポップ[MXM]","16","16C～16D","地力","0","0"
"Φnd:you[EXH]","16","16C～16D","鍵盤","0","0"
"50th Memorial Songs -BS-[VVD]","16","16C～16D","鍵盤","0","0"
"6弦とピアノのためのエチュード op.4","16","16C～16D","鍵盤","0","0"
"Aerial Fortress[EXH]","16","16C～16D","鍵盤","0","0"
"crazy cinema story","16","16C～16D","鍵盤","0","0"
"Divine`s or Deal[EXH]","16","16C～16D","鍵盤","0","0"
"Dynasty[EXH]","16","16C～16D","鍵盤","0","0"
"Fairy in Strasbourg[MXM]","16","16C～16D","鍵盤","0","0"
"GaLaXy EggPlanT[EXH]","16","16C～16D","鍵盤","0","0"
"Gamerz FestivaL[EXH]","16","16C～16D","鍵盤","0","0"
"GEMINI LA2ER[EXH]","16","16C～16D","鍵盤","0","0"
"I'm so Happy","16","16C～16D","鍵盤","0","0"
"Let`s bounce !![MXM]","16","16C～16D","鍵盤","0","0"
"Liar World Monologue","16","16C～16D","鍵盤","0","0"
"mon$tage","16","16C～16D","鍵盤","0","0"
"Monkey Business -Satire mix-","16","16C～16D","鍵盤","0","0"
"Narcissus At Oasis 影虎。style[MXM]","16","16C～16D","鍵盤","0","0"
"Second Heaven GravityPf[MXM]","16","16C～16D","鍵盤","0","0"
"#SpeedyCats[EXH]","16","16C～16D","鍵盤","0","0"
"Starlight Express","16","16C～16D","鍵盤","0","1"
"Teufel[EXH]","16","16C～16D","鍵盤","0","0"
"Tomorrow Perfume (C-Show Remix)","16","16C～16D","鍵盤","0","0"
"ULTiMATE INFLATiON[EXH]","16","16C～16D","鍵盤","0","0"
"憂恋☆アクティベーション","16","16C～16D","鍵盤","0","0"
"おお われら喜び讃うべし、主よ[EXH]","16","16C～16D","鍵盤","0","0"
"君の知らない物語[MXM]","16","16C～16D","鍵盤","0","0"
"サイコパスラビット[EXH]","16","16C～16D","鍵盤","0","0"
"翠雨の祷[EXH]","16","16C～16D","鍵盤","0","0"
"トキメキストリーム[MXM]","16","16C～16D","鍵盤","0","0"
"ファイナルレター「EXH]","16","16C～16D","鍵盤","0","0"
"香港功夫大旋風[EXH]","16","16C～16D","鍵盤","0","0"
"メイガスナイト ～ Arr.Demetori","16","16C～16D","鍵盤","1","0"
"雪女[EXH]","16","16C～16D","鍵盤","0","0"
"ARROW RAIN[EXH]","16","16C～16D","つまみ","0","0"
"bass 2 bass[MXM]","16","16C～16D","つまみ","0","0"
"Burn everything[MXM]","16","16C～16D","つまみ","0","0"
"GAMBOL (dfk SLC rmx)[INF]","16","16C～16D","つまみ","0","0"
"mqlo[EXH]","16","16C～16D","つまみ","0","0"
"Narcissus At Oasis (Freezer)[MXM]","16","16C～16D","つまみ","0","0"
"Nyan Cat[INF]","16","16C～16D","つまみ","0","0"
"RPG[MXM]","16","16C～16D","つまみ","0","0"
"waxing and wanding(SS Remix)[MXM]","16","16C～16D","つまみ","0","0"
"いーあるふぁんくらぶ[GRV]","16","16C～16D","つまみ","0","0"
"異世界ノットパンピー[MXM]","16","16C～16D","つまみ","0","0"
"狂水一華[EXH]","16","16C～16D","つまみ","0","0"
"最速最高シャッターガール","16","16C～16D","つまみ","0","0"
"灼熱のBlazin` Beat[MXM]","16","16C～16D","つまみ","0","0"
"断片Story","16","16C～16D","つまみ","0","1"
"トラウマ催眠少女さとり！[MXM]","16","16C～16D","つまみ","0","0"
"爆なな☆てすとロイヤー","16","16C～16D","つまみ","0","0"
"はなむけ[HVN]","16","16C～16D","つまみ","0","0"
"茅蜩モラトリアム","16","16C～16D","つまみ","0","0"
"ビビットストリーム[MXM]","16","16C～16D","つまみ","0","0"
"放課後ストライド","16","16C～16D","つまみ","0","0"
"ホメ猫☆センセーション","16","16C～16D","つまみ","0","0"
"マイネ・クライネ・ナハトムジーク[MXM]","16","16C～16D","つまみ","0","0"
"真っ白な靴[EXH]","16","16C～16D","つまみ","0","0"
"滅亡天使†にこきゅっぴん","16","16C～16D","つまみ","0","1"
"弱虫モンブラン[MXM]","16","16C～16D","つまみ","0","0"
"ancient garden","16","16E～16F","地力","0","0"
"Angelic Jelly[EXH]","16","16E～16F","地力","0","0"
"Applique[EXH]","16","16E～16F","地力","0","0"
"archive::zip[GRV]","16","16E～16F","地力","0","0"
"Beyond the BLUE[EXH]","16","16E～16F","地力","0","0"
"Blue Fire[MXM]","16","16E～16F","地力","0","0"
"Burning Spark![MXM]","16","16E～16F","地力","0","0"
"Cirno Break","16","16E～16F","地力","0","0"
"crêpe suzette","16","16E～16F","地力","0","0"
"Daydream Cafê(Euro Hopping Mix)[MXM]","16","16E～16F","地力","0","0"
"Defining Future[EXH]","16","16E～16F","地力","0","0"
"Destroy[EXH]","16","16E～16F","地力","0","0"
"Din Don Dan(Fusion Remix)","16","16E～16F","地力","0","0"
"Discover the Life","16","16E～16F","地力","0","0"
"Double Universe[EXH]","16","16E～16F","地力","0","0"
"Electric Injury[EXH]","16","16E～16F","地力","0","0"
"fancy cake!![MXM]","16","16E～16F","地力","0","0"
"GEROL","16","16E～16F","地力","0","0"
"Glitter Flatter Scatter[EXH]","16","16E～16F","地力","0","0"
"GO BACK 2 YOUR RAVE","16","16E～16F","地力","0","0"
"Grand Chariot[EXH]","16","16E～16F","地力","0","0"
"GRISAILLE","16","16E～16F","地力","0","0"
"Hug!! Vs. Hug!![EXH]","16","16E～16F","地力","0","0"
"iberis[VVD]","16","16E～16F","地力","0","0"
"Inixia[EXH]","16","16E～16F","地力","0","0"
"In the breeze","16","16E～16F","地力","0","0"
"It's a new day![MXM]","16","16E～16F","地力","0","0"
"katharsis[EXH]","16","16E～16F","地力","0","1"
"Khionos TiARA[EXH]","16","16E～16F","地力","0","0"
"Laughin' Muffin","16","16E～16F","地力","0","0"
"Lowermost revolt[EXH]","16","16E～16F","地力","0","0"
"M.A.Y.U","16","16E～16F","地力","0","0"
"Milkyway - memorable -","16","16E～16F","地力","0","0"
"Mirrorwall[EXH]","16","16E～16F","地力","0","0"
"Mist Tek","16","16E～16F","地力","0","0"
"Monkey Business(Band Edit.)","16","16E～16F","地力","0","1"
"Mynarco(Nagomu 2Step Remix)[EXH]","16","16E～16F","地力","0","0"
"Mysterious Nights[MXM]","16","16E～16F","地力","0","0"
"NECRO PARTY","16","16E～16F","地力","0","0"
"NEWBORN CRYING[MXM]","16","16E～16F","地力","0","0"
"Oriental Blossom","16","16E～16F","地力","0","0"
"Our Love[EXH]","16","16E～16F","地力","0","0"
"PARTY TIME![EXH]","16","16E～16F","地力","0","0"
"Phantom dinning tonight!","16","16E～16F","地力","0","0"
"POLICY BREAK Medley[EXH]","16","16E～16F","地力","0","1"
"Poppin' Shower[MXM]","16","16E～16F","地力","0","0"
"Princess rose(Sunshine Mix)[MXM]","16","16E～16F","地力","0","0"
"PULSE LASER[INF]","16","16E～16F","地力","0","0"
"PUNISHER","16","16E～16F","地力","0","0"
"rainbow flyer -gratitude remix-","16","16E～16F","地力","0","0"
"Random Box[MXM]","16","16E～16F","地力","0","0"
"Renegade fruits","16","16E～16F","地力","0","0"
"rE:Voltagers[EXH]","16","16E～16F","地力","0","0"
"ROOM[MXM]","16","16E～16F","地力","0","0"
"Root Consciousness[MXM]","16","16E～16F","地力","0","0"
"Scarlet Moon","16","16E～16F","地力","0","0"
"Shiawase Transmission","16","16E～16F","地力","0","0"
"SHION(ロースピード幻想チューン Remix)[MXM]","16","16E～16F","地力","0","0"
"Sourire","16","16E～16F","地力","0","0"
"spectroscape","16","16E～16F","地力","0","0"
"Spirit of the Beast[EXH]","16","16E～16F","地力","0","0"
"Squeeze","16","16E～16F","地力","0","0"
"Thank you for playing music[EXH]","16","16E～16F","地力","0","0"
"The Sampling Paradise (N-Driver Style)","16","16E～16F","地力","0","0"
"TrailBlazer[GRV]","16","16E～16F","地力","0","0"
"TRICKL4SH 220[EXH]","16","16E～16F","地力","0","0"
"Ultimate Fury","16","16E～16F","地力","0","0"
"VAMPIRE[MXM]","16","16E～16F","地力","0","0"
"Vividly Impromptu[EXH]","16","16E～16F","地力","0","0"
"With It This Heaven?[EXH]","16","16E～16F","地力","0","0"
"World of Iris[EXH]","16","16E～16F","地力","0","0"
"You Know -SDVX EDIT-","16","16E～16F","地力","0","0"
"赤より紅い夢-Aya2g Tech Dance Rmx-","16","16E～16F","地力","0","0"
"動く、動く(Electro Remix)[MXM]","16","16E～16F","地力","0","0"
"鬼KYOKAN","16","16E～16F","地力","0","0"
"蛇神[EXH]","16","16E～16F","地力","0","0"
"囲い無き世は一期の月影","16","16E～16F","地力","0","0"
"過食性:アイドル症候群[EXH]","16","16E～16F","地力","0","0"
"からくりピエロ[MXM]","16","16E～16F","地力","0","0"
"キモチコネクト[EXH]","16","16E～16F","地力","0","0"
"幻想郷DENPASTICグリーティング","16","16E～16F","地力","0","0"
"幻想のサテライト[EXH]","16","16E～16F","地力","0","0"
"焦がれ唄[MXM]","16","16E～16F","地力","0","0"
"「ここなつ☆」は夢のカタチ","16","16E～16F","地力","0","0"
"ゴーストマスコット[MXM]","16","16E～16F","地力","0","0"
"至上のラトゥーリア[MXM]","16","16E～16F","地力","0","0"
"上海紅茶館 ～ Chinese Tea Orchid[EXH]","16","16E～16F","地力","0","0"
"シュガーソングとビターステップ[MXM]","16","16E～16F","地力","0","0"
"ショットガン・ラヴァーズ","16","16E～16F","地力","0","0"
"新米天使のメランコリー[MXM]","16","16E～16F","地力","0","0"
"スカイダイバー[MXM]","16","16E～16F","地力","0","0"
"雪月花 (Shiron)[MXM]","16","16E～16F","地力","0","0"
"双星ルミネセンス","16","16E～16F","地力","0","0"
"ちぇいす いん ざ さんしゃいん!!!","16","16E～16F","地力","0","0"
"地球防衛乙女パンナコッター[MXM]","16","16E～16F","地力","0","0"
"超爽快☆パッショネイト・フィーバー","16","16E～16F","地力","0","0"
"透明な記憶の風穴[MXM]","16","16E～16F","地力","0","0"
"トリコロール・ダイアリー","16","16E～16F","地力","0","0"
"虹色の花[MXM]","16","16E～16F","地力","0","0"
"ねこみみ(=ФωФ=)ぱんでみみっく[EXH]","16","16E～16F","地力","0","0"
"花ノ下連歌","16","16E～16F","地力","0","0"
"春時雨[MXM]","16","16E～16F","地力","0","0"
"春告胡蝶[EXH]","16","16E～16F","地力","0","0"
"風鈴花火[MXM]","16","16E～16F","地力","0","0"
"ヒカリユリイカ[MXM]","16","16E～16F","地力","0","0"
"ポメグラネイト[EXH]","16","16E～16F","地力","0","0"
"ミラクル・スイート・スイーツ・マジック!![MXM]","16","16E～16F","地力","0","0"
"メイビ～初恋!?ビスケット☆大作戦[EXH]","16","16E～16F","地力","0","0"
"ヤサイマシ☆ニンニクアブラオオメ[INF]","16","16E～16F","地力","0","0"
"闇夜舞踏会 -緋碧と蝶のための-masquerade-","16","16E～16F","地力","0","0"
"六兆年と一夜物語[INF]","16","16E～16F","地力","0","0"
"8 -eight-","16","16E～16F","鍵盤","0","0"
"Asian Chip City","16","16E～16F","鍵盤","0","0"
"Beyond the Sandstorm","16","16E～16F","鍵盤","0","0"
"Chloé","16","16E～16F","鍵盤","0","0"
"Cold Inflation","16","16E～16F","鍵盤","0","0"
"DropZ-Line-[EXH]","16","16E～16F","鍵盤","0","0"
"eighth-slave[EXH]","16","16E～16F","鍵盤","0","0"
"Electric ""Sister"" Bitch","16","16E～16F","鍵盤","0","0"
"Engraved Mark","16","16E～16F","鍵盤","0","0"
"eternita","16","16E～16F","鍵盤","0","0"
"L9[EXH]","16","16E～16F","鍵盤","0","0"
"Legendary Road[EXH]","16","16E～16F","鍵盤","0","0"
"memento mori -intro-[EXH]","16","16E～16F","鍵盤","0","0"
"m1dy Deluxe[EXH]","16","16E～16F","鍵盤","0","0"
"Monkey Business (lapix Remix)","16","16E～16F","鍵盤","0","0"
"Nebulas[EXH]","16","16E～16F","鍵盤","0","0"
"neu BSP style","16","16E～16F","鍵盤","0","0"
"Never Regret Anything","16","16E～16F","鍵盤","0","0"
"ΩVERSOUL[EXH]","16","16E～16F","鍵盤","0","0"
"pique[EXH]","16","16E～16F","鍵盤","0","0"
"Playing With Fire","16","16E～16F","鍵盤","0","0"
"Scream out! (SDVX EDIT)","16","16E～16F","鍵盤","0","0"
"Solitude & Nightmare","16","16E～16F","鍵盤","0","0"
"Strawberry Crisis","16","16E～16F","鍵盤","0","0"
"Twin Blaster","16","16E～16F","鍵盤","0","0"
"Übertreffen[EXH]","16","16E～16F","鍵盤","0","0"
"Violet Soul","16","16E～16F","鍵盤","0","0"
"終点","16","16E～16F","鍵盤","0","0"
"瞬間ドリップ♪秘蜜のケーキセット","16","16E～16F","鍵盤","0","0"
"少年は空を辿る Prog Piano Rmx[EXH]","16","16E～16F","鍵盤","0","0"
"竹取飛翔 ～ Lunatic Princess","16","16E～16F","鍵盤","0","0"
"盗宝[MXM]","16","16E～16F","鍵盤","0","0"
"トラウィスカルパンテクートリ","16","16E～16F","鍵盤","0","0"
"Bad Apple!! feat. nomico[INF]","16","16E～16F","つまみ","0","0"
"Believe In Yourself[EXH]","16","16E～16F","つまみ","0","0"
"EOS INFINITE EDIT[GRV]","16","16E～16F","つまみ","0","0"
"#Fairy_dancing_in_lake[EXH]","16","16E～16F","つまみ","0","0"
"Help me, ERINNNNNN!! -VENUS mix-","16","16E～16F","つまみ","0","0"
"Liminality","16","16E～16F","つまみ","0","0"
"Lo-Fi-M","16","16E～16F","つまみ","0","0"
"Mami Mami Zone","16","16E～16F","つまみ","0","0"
"One&Only","16","16E～16F","つまみ","0","0"
"Paranoia","16","16E～16F","つまみ","0","0"
"Profession","16","16E～16F","つまみ","0","0"
"Regretful Flower[MXM]","16","16E～16F","つまみ","0","0"
"REVERSE LIMITED!(SDVX Edit)","16","16E～16F","つまみ","0","0"
"Russet","16","16E～16F","つまみ","0","0"
"【Two of US】[MXM]","16","16E～16F","つまみ","0","0"
"TU-MA-MI△ALL-NIGHTER","16","16E～16F","つまみ","0","1"
"Utopia","16","16E～16F","つまみ","0","0"
"Wheel","16","16E～16F","つまみ","0","0"
"Wuv U (Colorful QT3 nekomix)","16","16E～16F","つまみ","0","0"
"XROSS THE XOUL[EXH]","16","16E～16F","つまみ","0","0"
"カタルシスの月","16","16E～16F","つまみ","0","0"
"キミヱゴサーチ[INF]","16","16E～16F","つまみ","0","0"
"しゅわスパ大作戦☆(カシオれ！くーにゃん)","16","16E～16F","つまみ","0","0"
"双翼 Black Wings - SDVX Edit. -","16","16E～16F","つまみ","0","0"
"ツーマンライブ[EXH]","16","16E～16F","つまみ","0","0"
"西日暮里の踊り[INF]","16","16E～16F","つまみ","0","1"
"星の器 feat.らっぷびと","16","16E～16F","つまみ","1","0"
"リズの内心革命[INF]","16","16E～16F","つまみ","0","0"
"ルミナスデイズ[MXM]","16","16E～16F","つまみ","0","0"
"Get back here[EXH]","16","16F","地力","0","0"
"Leviathan[EXH]","16","16F","鍵盤","0","0"
"Symphonic Tear[EXH]","16","16F","鍵盤","0","0"
"妖隠し -あやかしかくし-","16","超個人差","地力","1","0"
"Xepher Light and Darkness[EXH]","16","超個人差","鍵盤","1","0"
"Absurd Gaff[EXH]","16","16A～16B","地力","0","0"
"PANIC HOLIC[EXH]","16","16A～16B","地力","0","0"
"Onigo[EXH]","16","16A～16B","地力","0","0"
"冥 Rockin' SWING REMIX[EXH]","16","16A～16B","地力","0","0"
"AA BlackY mix[EXH]","16","16A～16B","鍵盤","0","0"
"croiX[EXH]","16","16A～16B","鍵盤","1","0"
"Dynasty[EXH]","16","16A～16B","鍵盤","0","0"
"Gott[EXH]","16","16A～16B","鍵盤","0","0"
"香港功夫大旋風[EXH]","16","16A～16B","鍵盤","0","0"
"2 MINUTES FIGHTERS","17","A+","地力","0","0"
"Ghost Family Living In Graveyard[EXH]","17","A+","地力","1","1"
"Non RolicK!!大冒険[MXM]","17","A+","地力","0","0"
"ULTRA B+K[MXM]","17","A+","地力","1","0"
"パ→ピ→プ→Yeah","17","A+","地力","0","0"
"ほおずき程度には赤い頭髪","17","A+","地力","1","0"
"Dyscontrolled Galaxy[EXH]","17","A+","鍵盤","1","0"
"freaky freak[GRV]","17","A+","鍵盤","1","0"
"Line 4 Ruin -kohumix-[MXM]","17","A+","鍵盤","0","0"
"NEON WORLD","17","A+","鍵盤","0","0"
"Sakura Mirage","17","A+","鍵盤","0","0"
"量子の海のリントヴルム","17","A+","鍵盤","0","0"
"Hexennacht[VVD]","17","A+","つまみ","1","1"
"A Lasting Promise[EXH]","17","A","地力","0","0"
"Aliquam","17","A","地力","0","0"
"All Clear!![MXM]","17","A","地力","0","0"
"BLAZE∞BREEZE[MXM]","17","A","地力","0","0"
"Candy Colored Hearts","17","A","地力","0","0"
"CODE -CRiMSON-[EXH]","17","A","地力","0","0"
"continew","17","A","地力","1","1"
"Cy-Bird[MXM]","17","A","地力","0","0"
"Destroy[GRV]","17","A","地力","0","0"
"Emperors divide","17","A","地力","0","0"
"Enigma II[MXM]","17","A","地力","0","0"
"FLYING OUT TO THE SKY","17","A","地力","0","0"
"Garakuta Doll Play[EXH]","17","A","地力","0","0"
"Gott[INF]","17","A","地力","0","0"
"Harpuia[EXH]","17","A","地力","0","0"
"HE4VEN ～天国へようこそ～[EXH]","17","A","地力","0","0"
"JOMANDA","17","A","地力","0","0"
"Pure Evil -Aya2g Drm`n Tech Rmx-","17","A","地力","0","0"
"Royal Judgement[GRV]","17","A","地力","0","0"
"Shanghai Wu Long ～上海舞龍～","17","A","地力","0","0"
"TENKAICHI ULTIMATE MEDLEY[EXH]","17","A","地力","0","0"
"伊邪那美白山姫大神[MXM]","17","A","地力","0","0"
"ウエンレラの氷華[GRV]","17","A","地力","0","0"
"エンゲージ〆ント[MXM]","17","A","地力","0","1"
"ケロ⑨destiny[HVN]","17","A","地力","0","0"
"ナイト・オブ・ナイツ[INF]","17","A","地力","0","0"
"ネメシス SDVX Edit","17","A","地力","0","0"
"香港功夫大旋風[GRV]","17","A","地力","0","0"
"Aragami[MXM]","17","A","鍵盤","0","0"
"BEAT-NEW-WORLD","17","A","鍵盤","0","0"
"Chant du Cygne","17","A","鍵盤","0","0"
"Dynasty[INF]","17","A","鍵盤","0","0"
"ENDYMION[EXH]","17","A","鍵盤","1","1"
"Enigma","17","A","鍵盤","0","0"
"Grand Chariot[GRV]","17","A","鍵盤","0","0"
"NEON WORLD","17","A","鍵盤","0","0"
"ЯeviveR[EXH]","17","A","鍵盤","0","0"
"rhythmology study[MXM]","17","A","鍵盤","0","0"
"StrayedCatz[GRV]","17","A","鍵盤","0","0"
"The End of War","17","A","鍵盤","1","0"
"Witch in Sweetsland","17","A","鍵盤","0","0"
"少年は空を辿るProg Piano Remix[GRV]","17","A","鍵盤","0","0"
"雪月花 -さわわRemix-","17","A","鍵盤","0","0"
"AYAKASHI","17","A","つまみ","1","1"
"clear:wings[MXM]","17","A","つまみ","0","0"
"Life is beautiful[MXM]","17","A","つまみ","1","1"
"Nofram","17","A","つまみ","0","0"
"それは花火のような恋[MXM]","17","A","つまみ","1","0"
"放課後ストライド[HVN]","17","A","つまみ","0","0"
"{albus}","17","B","地力","0","0"
"Afterimage d`automne[MXM]","17","B","地力","0","0"
"BabeL ～Next Story～","17","B","地力","0","0"
"Believe (y)our Wings{GRA5P WAVES}[MXM]","17","B","地力","0","1"
"【Believe (y)our Wings{V:VID RAYS}】[MXM]","17","B","地力","0","0"
"CRITICAL LINE","17","B","地力","0","1"
"Cross Fire[EXH]","17","B","地力","0","0"
"CUTE-Reflection[MXM]","17","B","地力","0","0"
"Double Universe[GRV]","17","B","地力","0","0"
"Dualive","17","B","地力","0","0"
"EGG[GRV]","17","B","地力","0","0"
"Elemental Creation[EXH]","17","B","地力","1","0"
"Everlasting Message[EXH]","17","B","地力","0","0"
"Failnaught[EXH]","17","B","地力","0","0"
"Got more raves？[EXH]","17","B","地力","0","0"
"Halcyon","17","B","地力","0","0"
"Help me ERINNNNNN!! -Cranky remix-","17","B","地力","0","0"
"Historia of Velnoti[VVD]","17","B","地力","0","0"
"Hoshizora Illumination[HVN]","17","B","地力","0","0"
"iLLness LiLin[EXH]","17","B","地力","0","0"
"infinite:youniverse[MXM]","17","B","地力","0","0"
"IX","17","B","地力","0","0"
"Jetcoaster Windy[MXM]","17","B","地力","0","0"
"Musha Vibration[MXM]","17","B","地力","0","0"
"NEON LOVE♥POTION!!![MXM]","17","B","地力","1","0"
"Paradission","17","B","地力","0","0"
"planetarium[MXM]","17","B","地力","0","1"
"Princess Liry[MXM]","17","B","地力","0","0"
"Quietus Ray[EXH]","17","B","地力","0","0"
"Rebuilding of Paradise Lost[MXM]","17","B","地力","1","1"
"Revolution[MXM]","17","B","地力","0","0"
"Sulk[MXM]","17","B","地力","0","0"
"The star in eclipse","17","B","地力","0","0"
"Time to Air -Fly High Remix-","17","B","地力","0","0"
"TWO-TORIAL[EXH]","17","B","地力","0","0"
"vivid landscape[MXM]","17","B","地力","0","0"
"Voynich:Manuscript","17","B","地力","0","0"
"XROSS INFECTION[EXH]","17","B","地力","0","0"
"アキネイション","17","B","地力","0","0"
"色を喪った街[EXH]","17","B","地力","0","0"
"おーまい！らぶりー！すうぃーてぃー！だーりん！[MXM]","17","B","地力","0","0"
"君は Fantasista[MXM]","17","B","地力","0","0"
"紅の剣舞","17","B","地力","0","0"
"ゲキツイムラサ","17","B","地力","0","0"
"ゴーストルール[MXM]","17","B","地力","0","0"
"サヨナラ・ヘヴン(かめりあ`sRMX)[HVN]","17","B","地力","0","0"
"遷[VVD]","17","B","地力","0","0"
"そして紫の幻想曲は全てを受け入れる","17","B","地力","0","0"
"超越してしまった彼女と其を生み落した理由[EXH]","17","B","地力","1","1"
"超超光速スピードスターかなで[EXH]","17","B","地力","0","1"
"ナイト・オブ・ナイツ[INF]","17","B","地力","0","1"
"熱情のザパデアート[MXM]","17","B","地力","1","0"
"ハレ晴レユカイ[MXM]","17","B","地力","0","0"
"飄える翼追い掛けて[EXH]","17","B","地力","0","0"
"ホーンテッド★メイドランチ","17","B","地力","0","0"
"雪女[GRV]","17","B","地力","0","0"
"ゆりゆらららゆるゆり大事件 (yuzenリミ)[MXM]","17","B","地力","0","0"
"ラキラキ[MXM]","17","B","地力","0","0"
"ΕΛΠΙΣ","17","B","鍵盤","0","0"
"０=Xerostrumental=","17","B","鍵盤","0","0"
"Absolute Domination[EXH]","17","B","鍵盤","0","0"
"Bule Forest (Prog Key Remix)[MXM","17","B","鍵盤","0","0"
"Calamity Tempest[EXH]","17","B","鍵盤","0","0"
"Dark Matter[MXM]","17","B","鍵盤","1","0"
"Decretum","17","B","鍵盤","0","0"
"Fiat Lux","17","B","鍵盤","0","0"
"Ganymede kamome mix[EXH]","17","B","鍵盤","1","0"
"Get back here[GRV]","17","B","鍵盤","0","0"
"GERBERA -For Finalists-[EXH]","17","B","鍵盤","0","0"
"Innocent Floor","17","B","鍵盤","0","0"
"Justitia Gladius[MXM]","17","B","鍵盤","0","0"
"Lancelot ～Flame of the Rebellion～[EXH]","17","B","鍵盤","0","0"
"Last Concerto[EXH]","17","B","鍵盤","1","0"
"Mayohiga Spurt","17","B","鍵盤","0","0"
"Metamorphobia","17","B","鍵盤","0","0"
"Me:Tear[MXM]","17","B","鍵盤","0","0"
"Our Faith (Faithful MTL Remix)","17","B","鍵盤","0","0"
"Pieces of a Dream","17","B","鍵盤","0","0"
"Pure Evil(Kobaryo FTN-Remix)","17","B","鍵盤","0","0"
"Rebellio[EXH]","17","B","鍵盤","0","0"
"Royal Action[MXM]","17","B","鍵盤","0","0"
"Sakura Mirage -Drum'n World-[MXM]","17","B","鍵盤","0","0"
"Stleq","17","B","鍵盤","0","0"
"Verse IV[EXH]","17","B","鍵盤","0","0"
"人形裁判 -THIRD IMPACT - ","17","B","鍵盤","0","0"
"卑弥呼[EXH]","17","B","鍵盤","0","1"
"闇夜に舞うは紅の華[MXM]","17","B","鍵盤","0","0"
"零次元エクスプレス[MXM]","17","B","鍵盤","0","0"
"ΩBIRD[MXM]","17","B","つまみ","0","1"
"Chocolate Parade[MXM]","17","B","つまみ","0","0"
"Circulator[MXM]","17","B","つまみ","0","0"
"Daisycutter[EXH]","17","B","つまみ","1","1"
"DIABLOSIS::Nāga[EXH]","17","B","つまみ","0","0"
"HYENA","17","B","つまみ","1","0"
"Innocent Tempest[EXH]","17","B","つまみ","0","1"
"Into The Madness[MXM]","17","B","つまみ","0","1"
"Lost Wing at.0[MXM]","17","B","つまみ","0","0"
"Milk[MXM]","17","B","つまみ","1","0"
"Poison AND÷OR Affection[MXM]","17","B","つまみ","0","0"
"Sunflower Vibes[MXM]","17","B","つまみ","0","0"
"悪戯センセーション[MXM]","17","B","つまみ","0","0"
"キモチコネクト[GRV]","17","B","つまみ","0","0"
"ケムマキunderground[MXM]","17","B","つまみ","0","0"
"チルノとまりおのパーフェクト算数教室","17","B","つまみ","0","1"
"物凄いｽﾍﾟｰｽｼｬﾄﾙでこいしが物凄いうた[MXM]","17","B","つまみ","0","0"
"120秒のエンドロール[MXM]","17","C","地力","0","0"
"AA BlackY mix[INF]","17","C","地力","0","0"
"Another Chapter[MXM]","17","C","地力","1","0"
"Appliqué[GRV]","17","C","地力","0","0"
"BLACK JACKAL[MXM]","17","C","地力","0","0"
"Bye or not[MXM]","17","C","地力","0","0"
"Carry Me Away[MXM]","17","C","地力","0","0"
"Chaotic Romance[MXM]","17","C","地力","0","0"
"CLOUDS FLYER[MXM]","17","C","地力","0","0"
"conflict","17","C","地力","0","0"
"DEEP PSYCHEDELIC STRIKER[MXM]","17","C","地力","0","0"
"Dharma[MXM]","17","C","地力","0","0"
"Fáfnir[MXM]","17","C","地力","0","0"
"Fire Strike[HVN]","17","C","地力","0","0"
"floorkiller[VVD]","17","C","地力","0","0"
"Follow up","17","C","地力","0","0"
"gigadelic(m3rkAb4# R3m!x)","17","C","地力","0","0"
"Heavenly Adventure[MXM]","17","C","地力","0","0"
"HEAVENLY SMILE[MXM]","17","C","地力","0","0"
"Inixia[GRV]","17","C","地力","0","0"
"Iridescent Crouds[MXM]","17","C","地力","0","0"
"JUGGLE[MXM]","17","C","地力","0","0"
"KAC 2012 ULTIMATE MEDLEY[EXH]","17","C","地力","1","0"
"KiLLeR MeRMaiD","17","C","地力","0","0"
"Knights Assault[MXM]","17","C","地力","0","0"
"Libera me[MXM]","17","C","地力","0","0"
"MAXIVCORD[MXM]","17","C","地力","0","0"
"ΛΛemoria[EXH]","17","C","地力","0","0"
"MICHIZURE[MXM]","17","C","地力","0","0"
"Never Fails","17","C","地力","0","0"
"†:OLPHEUX:†[EXH]","17","C","地力","0","0"
"PIERROT KNIfE[MXM]","17","C","地力","0","0"
"PIZZATIME[MXM]","17","C","地力","0","0"
"Quark[MXM]","17","C","地力","0","0"
"Redshift 2nd Ignition[EXH]","17","C","地力","0","0"
"Rejoin[MXM]","17","C","地力","0","1"
"Sailing Force[EXH]","17","C","地力","0","0"
"SPACE VILLAGE[MXM]","17","C","地力","0","0"
"Sparkle Smilin`[MXM]","17","C","地力","0","0"
"Staring at star[EXH]","17","C","地力","0","0"
"Tic Exe[MXM]","17","C","地力","0","0"
"Tribal Trial[MXM]","17","C","地力","0","0"
"U.N.オーエンは彼女なのか？haru_naba Remix","17","C","地力","0","1"
"Vampire's Territory","17","C","地力","1","0"
"VIVID DEBUT![MXM]","17","C","地力","0","0"
"who I am[MXM]","17","C","地力","0","0"
"WONDER_WOBBLER[MXM]","17","C","地力","0","0"
"Xroniàl Xéro[EXH]","17","C","地力","0","0"
"イグジスタンス","17","C","地力","0","0"
"うさぬこぬんぬんファンタジー！[MXM]","17","C","地力","0","0"
"おどりましょうよ！ドラゴンさん[MXM]","17","C","地力","0","0"
"鬼天","17","C","地力","0","0"
"革命パッショネイト[MXM]","17","C","地力","0","0"
"金縛りの逢を[EXH]","17","C","地力","1","0"
"感情の摩天楼～Arr.Demetori","17","C","地力","0","0"
"黒髪乱れし修羅となりて ~凛 edition~","17","C","地力","0","0"
"クレイジークレイジーダンサーズ[MXM]","17","C","地力","0","0"
"煙[MXM]","17","C","地力","0","0"
"逆月[EXH]","17","C","地力","0","0"
"獅子奮迅[MXM]","17","C","地力","0","0"
"信仰は儚き人間の為に～Arr.Demetori","17","C","地力","0","0"
"すろぉもぉしょん[MXM]","17","C","地力","0","0"
"セイシュンライナー[MXM]","17","C","地力","0","0"
"セイレーン ～悲壮の竪琴～[EXH]","17","C","地力","0","0"
"セツナトリップ[HVN]","17","C","地力","0","0"
"バンブーソード・ガール","17","C","地力","0","0"
"プラネタジャーニー[MXM]","17","C","地力","0","0"
"ふ・れ・ん・ど・し・た・い(WEREHEREMIX)[MXM]","17","C","地力","0","0"
"ベビーステップ[MXM]","17","C","地力","0","0"
"焔 -MAGMA-[MXM]","17","C","地力","0","0"
"真夏の蜜と唇 fm. 希望の星は青霄に昇る[MXM]","17","C","地力","0","0"
"ロンロンへ ライライライ！[GRV]","17","C","地力","0","0"
".59 -BOOTH REMIX-[HVN]","17","C","鍵盤","0","0"
"50th Memorial Songs -The BEMANI History-[VVD]","17","C","鍵盤","0","0"
"3y3s (JMBS FUNKOT RMX)[MXM]","17","C","鍵盤","0","0"
"405nm(Shu※mix)[MXM]","17","C","鍵盤","0","0"
"ABSOLUTE(EUROBEAT REMIX)[MXM]","17","C","鍵盤","0","0"
"BELOBOG[EXH]","17","C","鍵盤","0","0"
"BLIZZARD BEAT[MXM]","17","C","鍵盤","0","0"
"Blue Stream[MXM]","17","C","鍵盤","0","0"
"Clash of swords","17","C","鍵盤","0","0"
"CUTIE☆EX-DREAM","17","C","鍵盤","0","0"
"False Cross","17","C","鍵盤","0","0"
"gigadelic -stance xxxx-","17","C","鍵盤","0","0"
"Inscape[MXM]","17","C","鍵盤","0","0"
"Max Burning!![EXH]","17","C","鍵盤","0","0"
"Six String Proof[MXM]","17","C","鍵盤","0","0"
"snow storm -euphoria-[EXH]","17","C","鍵盤","0","0"
"Space Diver Tama[HVN]","17","C","鍵盤","0","0"
"take a step forward[HVN]","17","C","鍵盤","0","0"
"TIEFSEE","17","C","鍵盤","0","0"
"TOXIC VIBRATION","17","C","鍵盤","0","0"
"Twilight∞nighT[MXM]","17","C","鍵盤","0","0"
"ウバワレ[GRV]","17","C","鍵盤","0","0"
"少女綺想曲-G.X.N.Remix-[MXM]","17","C","鍵盤","1","0"
"人生リセットボタン[VVD]","17","C","鍵盤","0","0"
"ムーニャポヨポヨスッポコニャーゴ[EXH]","17","C","鍵盤","0","0"
"CENSORED!!","17","C","つまみ","0","0"
"Destruction & Qreation[MXM]","17","C","つまみ","1","0"
"Discloze","17","C","つまみ","0","0"
"Distorted Floor[INF]","17","C","つまみ","0","0"
"DO-IT-AMA-SITE!!![VVD]","17","C","つまみ","0","0"
"Empathetic[MXM]","17","C","つまみ","0","0"
"Hellfire[EXH]","17","C","つまみ","1","0"
"One In A Billion(Hedonist Rimix)[MXM]","17","C","つまみ","0","0"
"Sparkling Laser Beam[VVD]","17","C","つまみ","0","0"
"UROBØROS","17","C","つまみ","0","0"
"Virtual Bit","17","C","つまみ","0","0"
"Wheel[HVN]","17","C","つまみ","0","0"
"幻想系世界修復少女[HVN]","17","C","つまみ","0","0"
"コメット⇒スケイター[MXM]","17","C","つまみ","0","0"
"銃弾は解を撃ち抜いて[MXM]","17","C","つまみ","0","0"
"常夏！！クリスタライズ・シャーベット","17","C","つまみ","1","0"
"メルヘン風紀委員会[MXM]","17","C","つまみ","0","0"
"物凄い狂っとるフランちゃんが物凄いうた","17","C","つまみ","0","0"
"ラブキラ☆スプラッシュ[MXM]","17","C","つまみ","0","0"
"ロプノールの商隊[MXM]","17","C","つまみ","0","0"
"444[MXM]","17","D","地力","0","0"
"ANTI THE∞HOLiC","17","D","地力","0","0"
"Awakening[EXH]","17","D","地力","0","0"
"β[MXM]","17","D","地力","0","0"
"choux à la crème[GRV]","17","D","地力","0","0"
"cobalt[MXM]","17","D","地力","0","0"
"Colorless feat.ももかみ[MXM]","17","D","地力","0","0"
"DESIRE[MXM]","17","D","地力","0","0"
"éclair au chocolat[GRV]","17","D","地力","0","0"
"EDEN of TRUTH[MXM]","17","D","地力","0","0"
"FIRE FIRE(Kazmasa Remix)","17","D","地力","0","0"
"FLOOR INFECTION Medley[EXH]","17","D","地力","0","0"
"Fly Like You[EXH]","17","D","地力","0","0"
"Game Over[MXM]","17","D","地力","0","0"
"GODHEART[EXH]","17","D","地力","0","0"
"Harmonia[MXM]","17","D","地力","0","0"
"Holy Legacy[VVD]","17","D","地力","0","0"
"If[MXM]","17","D","地力","0","0"
"JULIAN[MXM]","17","D","地力","0","0"
"le coeur patissiere[MXM]","17","D","地力","0","0"
"Liévre -blanche-[MXM]","17","D","地力","0","0"
"Lisa-RICCIA[EXH]","17","D","地力","0","0"
"LittleGameStar[GRV]","17","D","地力","0","0"
"Lord=Crossight[EXH]","17","D","地力","0","0"
"LubedeR[EXH]","17","D","地力","1","0"
"Melty Sweets[MXM]","17","D","地力","0","0"
"MARENOL[MXM]","17","D","地力","0","0"
"No way[MXM]","17","D","地力","0","0"
"OUTERHEΛVEN[EXH]","17","D","地力","0","0"
"Pure Evil","17","D","地力","1","0"
"REGALIA","17","D","地力","0","0"
"The First Step[MXM]","17","D","地力","0","0"
"ultra turbo[MXM]","17","D","地力","0","0"
"Vigor[MXM]","17","D","地力","0","0"
"VIVIDWAVERS[MXM]","17","D","地力","0","0"
"VOLTEXES IV[MXM]","17","D","地力","1","0"
"Xéroa[EXH]","17","D","地力","0","0"
"Zelophilia[MXM]","17","D","地力","0","0"
"過食性:アイドル症候群[INF]","17","D","地力","0","0"
"患部で止まってすぐ溶ける[INF]","17","D","地力","0","0"
"シープドリーミン[MXM]","17","D","地力","0","0"
"じゅーじゅー♥焼肉の火からフェニックス","17","D","地力","0","0"
"十面相[VVD]","17","D","地力","0","0"
"水槽のクジラ[MXM]","17","D","地力","0","0"
"ストリーミングハート[MXM]","17","D","地力","0","0"
"星座が恋した瞬間を。[MXM]","17","D","地力","0","0"
"全力ハッピーライフ[MXM]","17","D","地力","0","0"
"濁色踊るオートマタ[MXM]","17","D","地力","0","0"
"竹取飛翔[HVN]","17","D","地力","0","0"
"打打打打打打打打打打[INF]","17","D","地力","0","0"
"夏色DIARY -SD'VmiX-[EXH]","17","D","地力","0","0"
"プレインエイジア(MRM REMIX)[MXM]","17","D","地力","0","0"
"ボーイミーツ・ブルー[MXM]","17","D","地力","0","0"
"ぼくらの16bit戦争[MXM]","17","D","地力","0","0"
"僕らの時間[MXM]","17","D","地力","0","0"
"もってけ！セーラーふく[MXM]","17","D","地力","0","0"
"柳の下のデュラハン","17","D","地力","0","0"
"幽玄の桜[MXM]","17","D","地力","0","0"
"ようこそジャパリパークへ[MXM]","17","D","地力","0","0"
"羅生門[MXM]","17","D","地力","0","0"
"AXION[MXM]","17","D","鍵盤","0","0"
"Borealis","17","D","鍵盤","0","0"
"DEADLOCK XXX","17","D","鍵盤","0","0"
"Deadly Dolly Dance","17","D","鍵盤","0","0"
"empty[MXM]","17","D","鍵盤","0","0"
"Finale[MXM]","17","D","鍵盤","0","0"
"FIRE FIRE -DARK BLAZE REMIX-","17","D","鍵盤","0","0"
"FREEDOM DiVE[EXH]","17","D","鍵盤","1","0"
"Mischievous theater[MXM]","17","D","鍵盤","0","0"
"Opium and Purple haze[EXH]","17","D","鍵盤","0","0"
"Parousia","17","D","鍵盤","0","0"
"Poppin’Cats!![MXM]","17","D","鍵盤","0","0"
"POSSESSION(Gowrock Remix)[MXM]","17","D","鍵盤","0","0"
"Record one's Dream[MXM]","17","D","鍵盤","0","0"
"Яegret of MemoRy[MXM]","17","D","鍵盤","0","0"
"Sephirot[GRV]","17","D","鍵盤","0","0"
"THE凸GENERATOR[EXH]","17","D","鍵盤","0","0"
"Xibercannon[MXM]","17","D","鍵盤","0","0"
"ZEPHYRANTHES[GRV]","17","D","鍵盤","0","0"
"Zero-Day Exploit","17","D","鍵盤","0","0"
"イカサマライフゲイム[HVN]","17","D","鍵盤","0","0"
"カミサマネジマキ[GRV]","17","D","鍵盤","0","0"
"雲の彼方","17","D","鍵盤","0","0"
"θコトノハθカプセルθ[EXH]","17","D","鍵盤","0","0"
"真夏の海の修道女[MXM]","17","D","鍵盤","0","0"
"夢見草奇譚[VVD]","17","D","鍵盤","0","0"
"黎明スケッチブック[MXM]","17","D","鍵盤","0","0"
"B.B.K.K.B.K.K.","17","D","つまみ","0","0"
"BREAKNECK NY☆N! NY★N![MXM]","17","D","つまみ","0","0"
"Decoy[MXM]","17","D","つまみ","0","0"
"Far Away[MXM]","17","D","つまみ","0","0"
"Idola[EXH]","17","D","つまみ","0","0"
"INFINITY OVERDRIVE[GRV]","17","D","つまみ","0","1"
"Secret Traveler[MXM]","17","D","つまみ","0","0"
"S1CK_F41RY","17","D","つまみ","0","0"
"Technical Master[MXM]","17","D","つまみ","0","0"
"THUNDERCRACK","17","D","つまみ","0","0"
"TYCOON[INF]","17","D","つまみ","0","0"
"朱と碧のランページ","17","D","つまみ","0","0"
"雲海[MXM]","17","D","つまみ","0","0"
"御伽噺に幕切れを[MXM]","17","D","つまみ","0","0"
"創世ノート[MXM]","17","D","つまみ","0","0"
"デュアルメモリ[MXM]","17","D","つまみ","0","0"
"ヒトリゴト[MXM]","17","D","つまみ","0","0"
"蓬莱フェスティボー[MXM]","17","D","つまみ","0","0"
"9TH5IN[EXH]","17","E","地力","0","0"
"Adrenaline Rush[MXM]","17","E","地力","0","0"
"ALBIDA Powerless Mix[INF]","17","E","地力","0","0"
"Altale[MXM]","17","E","地力","0","0"
"ANGER of the GOD[EXH]","17","E","地力","0","0"
"Arcade Prison[MXM]","17","E","地力","0","0"
"Backflow","17","E","地力","0","0"
"bistro twins☆☆☆[MXM]","17","E","地力","0","0"
"CARNIVOROUS[MXM]","17","E","地力","0","0"
"cloche(といぼっくすうぃんぐ　りみっくす)[MXM]","17","E","地力","0","0"
"Deadly force[EXH]","17","E","地力","0","0"
"EGOISM -Rebuild-[MXM]","17","E","地力","0","0"
"Enjoy This Time[MXM]","17","E","地力","0","0"
"Erlung[GRV]","17","E","地力","0","0"
"Four Leaves[MXM]","17","E","地力","0","0"
"INDEPENDENT SKY[GRV]","17","E","地力","1","0"
"impress(bansou Remix)[MXM]","17","E","地力","0","0"
"Junk Mania[MXM]","17","E","地力","0","0"
"Last Resort[EXH]","17","E","地力","0","0"
"Lucky*Clover","17","E","地力","0","0"
"odds and ends[GRV]","17","E","地力","0","0"
"scary night[MXM]","17","E","地力","0","0"
"Smoked Turkey Rag[MXM]","17","E","地力","0","0"
"Synergy For Angels[MXM]","17","E","地力","0","0"
"The Sampling Paradise(P*Light)","17","E","地力","0","0"
"toy boxer[MXM]","17","E","地力","0","0"
"Triple Counter[EXH]","17","E","地力","0","0"
"Voltage Higher[MXM]","17","E","地力","0","0"
"Wish upon Twin Stars[EXH]","17","E","地力","0","0"
"天ノ弱[INF]","17","E","地力","0","0"
"アワデコノヨヲ[MXM]","17","E","地力","0","0"
"アンハッピーリフレイン[MXM]","17","E","地力","0","0"
"炎夏の音[MXM]","17","E","地力","0","0"
"音楽 -resolve-[EXH]","17","E","地力","0","1"
"きらきらタイム☆","17","E","地力","0","0"
"近未来百鬼夜行譚～死返之巻～[MXM]","17","E","地力","0","0"
"ここからよろしく大作戦143[MXM]","17","E","地力","0","0"
"漆黒のスペシャルプリンセスサンデー","17","E","地力","0","0"
"少女暴動","17","E","地力","0","0"
"零の位相[MXM]","17","E","地力","0","0"
"廃獄ドリームランド[MXM]","17","E","地力","0","0"
"ペタ靴と憂夜リムーバー[MXM]","17","E","地力","0","0"
"ブチ上げ候！現代忍者三姉妹[MXM]","17","E","地力","0","0"
"ぼくらしかしらない","17","E","地力","0","0"
"ボルテ体操第一","17","E","地力","1","0"
"無気力クーデター","17","E","地力","0","0"
"ロキ[MXM]","17","E","地力","0","0"
"分けるな危険！モモモモモモーイズム[MXM]","17","E","地力","0","0"
"Apex of the World","17","E","鍵盤","0","0"
"Chrono Diver -PENDULUMs-[EXH]","17","E","鍵盤","0","0"
"Coldlapse[MXM]","17","E","鍵盤","0","0"
"EBONY & IVORY","17","E","鍵盤","0","0"
"F.K.S.","17","E","鍵盤","1","0"
"HAELEQUIN","17","E","鍵盤","0","0"
"invisible Bullets[MXM]","17","E","鍵盤","0","0"
"Pixelated Platform[MXM]","17","E","鍵盤","0","0"
"sink into the dream[MXM]","17","E","鍵盤","0","0"
"STYX HELIX(Digi-Rock Remix)[MXM]","17","E","鍵盤","0","0"
"SUPER BUBBLE JOURNEY[MXM]","17","E","鍵盤","0","0"
"Trill auf G[EXH]","17","E","鍵盤","0","0"
"True Blue","17","E","鍵盤","0","0"
"V.I.P.[EXH]","17","E","鍵盤","0","0"
"voltississimo[EXH]","17","E","鍵盤","0","0"
"悪性ロリィタマキャヴェリズム","17","E","鍵盤","0","0"
"御千手メディテーション[INF]","17","E","鍵盤","0","0"
"断罪は遍く人間の元に","17","E","鍵盤","0","0"
"暴走","17","E","鍵盤","0","0"
"akasha-assembly","17","E","つまみ","0","0"
"cloud[HVN]","17","E","つまみ","0","0"
"Dreaming feat. nomico[MXM]","17","E","つまみ","0","0"
"good high school[INF]","17","E","つまみ","0","0"
"Made In Love[MXM]","17","E","つまみ","0","0"
"Phlox[MXM]","17","E","つまみ","0","0"
"Sacrifce Escape: 不条理の～[MXM]","17","E","つまみ","0","0"
"Sleepless days[MXM]","17","E","つまみ","0","0"
"The setting sun","17","E","つまみ","1","0"
"あれこれそれどれ","17","E","つまみ","0","0"
"おにいちゃんハイテック[MXM]","17","E","つまみ","0","0"
"ガヴリールドロップキック[MXM]","17","E","つまみ","0","0"
"鏡面の波(ramble mix)[MXM]","17","E","つまみ","0","1"
"バイナリスター[VVD]","17","E","つまみ","0","0"
"cross the future","17","F","地力","0","0"
"D1g1t1ze b0dy[MXM]","17","F","地力","0","0"
"Happy Sensation","17","F","地力","0","0"
"ILL-STARRED Diver[MXM]","17","F","地力","0","0"
"Last Battalion[GRV]","17","F","地力","0","0"
"Little princess has no identity.","17","F","地力","0","0"
"Mist in Hell","17","F","地力","0","0"
"Oriens[MXM]","17","F","地力","0","0"
"Rubeus","17","F","地力","0","0"
"Sadistic Stabbing[MXM]","17","F","地力","0","0"
"Still Lonesome[MXM]","17","F","地力","0","0"
"Twin Rocket","17","F","地力","0","0"
"インビジブル[MXM]","17","F","地力","0","0"
"音楽 -壊音楽 mix-","17","F","地力","0","1"
"逆さま♥シンデレラパレード[MXM]","17","F","地力","0","0"
"失敗作少女[MXM]","17","F","地力","0","0"
"ツキアカリ[MXM]","17","F","地力","0","0"
"轟け！恋のビーンボール！！","17","F","地力","0","0"
"片翼のディザイア[MXM]","17","F","地力","0","0"
"祭囃子[MXM]","17","F","地力","0","0"
"蟲の棲む処[MXM]","17","F","地力","0","0"
"無双","17","F","地力","0","0"
"Fly far bounce[MXM]","17","F","鍵盤","0","0"
"イゴモヨスのブヨブヨ・スケッチ","17","F","鍵盤","1","0"
"オンディーヌの泪[MXM]","17","F","鍵盤","0","0"
"#FairyJoke #SDVX_Edit","17","F","つまみ","1","1"
"太陽曰く燃えよカオス[MXM]","17","F","つまみ","0","1"
"ヒミツダイヤル[VVD]","17","F","つまみ","1","0"
"ポメグラネイト[GRV]","17","F","つまみ","0","0"
"Apocrypha[MXM]","17","F-","地力","0","0"
"Drizzly Venom[MXM]","17","F-","地力","0","0"
"Paradisus-Paradoxum[MXM]","17","F-","地力","0","0"
"QUAKE[MXM]","17","F-","地力","0","0"
"見世物ライフ[MXM]","17","F-","地力","0","0"
"ハレ トキドキ メランコリック[MXM]","17","F-","つまみ","0","0"
"星の詩[MXM]","17","17A+～17E","地力","1","0"
"Bioslaves[MXM]","17","17A+～17E","鍵盤","1","0"
"Booths of Fighters[EXH]","17","18A～17C","鍵盤","1","0"
"Chocolate Planet[MXM]","17","18C～17C","鍵盤","1","0"
"Joyeuse","17","18C～17F","鍵盤","1","0"
"The world of sound[EXH]","17","18D～17F","鍵盤","1","0"
"大宇宙ステージ[EXH]","17","18A～15E","鍵盤","1","0"
"Pet Peeve","17","18B～17C","つまみ","1","0"
"Sharkbait[MXM]","17","17A～17D","つまみ","1","0"
"Joyeuse[VVD]","18","SS","鍵盤","1","0"
"*Erm,～ ShockWAVE Syndrome...?[EXH]","18","S","地力","0","1"
"KAC 2012 ULTIMATE MEDLEY[GRV]","18","S","地力","0","0"
"Xevel[MXM]","18","S","地力","0","0"
"ツマミ戦隊 タテレンジャー[MXM]","18","S","地力","0","1"
"HAVOX","18","S","つまみ","0","1"
"Dogeza Stairs[MXM]","18","A+","地力","0","0"
"Garakuta Doll Play[HVN]","18","A+","地力","0","0"
"GERBERA[MXM]","18","A+","地力","0","0"
"НУМЛ[MXM]","18","A+","地力","0","0"
"Idora[HVN]","18","A+","地力","0","0"
"JUNKIE FLAVOR[MXM]","18","A+","地力","0","0"
"KAC 2013 MEDLEY Empress Side[EXH]","18","A+","地力","0","0"
"PUPA[MXM]","18","A+","地力","0","0"
"Venomous Firefly[MXM] ","18","A+","地力","0","0"
"怒槌[MXM]","18","A+","地力","0","0"
"サイコパスラビット[MXM]","18","A+","地力","0","0"
"神話に芽吹く[MXM]","18","A+","地力","0","0"
"超越してしまった彼女と其を生み落し[HVN]","18","A+","地力","0","0"
"び[MXM]","18","A+","地力","0","0"
"ムーニャポヨポヨスッポコニャーゴ[VVD]","18","A+","地力","1","0"
"Aerial Fortress[MXM]","18","A+","鍵盤","0","0"
"Completeness Under Incomplet[GRV]","18","A+","鍵盤","0","0"
"Rebellio[MXM]","18","A+","鍵盤","0","0"
"Re:End of a Dream[MXM]","18","A+","鍵盤","0","0"
"Yum Yum Sweetie[MXM]","18","A+","鍵盤","0","0"
"ZEИITH[MXM]","18","A+","鍵盤","0","0"
"キュリオシティ[MXM]","18","A+","鍵盤","0","0"
"準備運動[MXM]","18","A+","鍵盤","1","0"
"Juggler's Maddness[MXM]","18","A+","つまみ","0","1"
"Call of the World[MXM]","18","A","地力","0","0"
"CHERNOBOG[MXM]","18","A","地力","0","0"
"CODE -CRiMSON-[GRV]","18","A","地力","0","0"
"Divine's:Bugscript[MXM]","18","A","地力","0","0"
"Doppelganger[MXM]","18","A","地力","0","0"
"FIRST:DREAM[MXM]","18","A","地力","0","0"
"For UltraPlayers[EXH]","18","A","地力","0","0"
"GEMINI LA2ER[MXM]","18","A","地力","0","0"
"Glorious Journey[MXM]","18","A","地力","0","0"
"Harpuia[HVN]","18","A","地力","0","0"
"KAC 2013 MEDLEY Emperor Side[EXH]","18","A","地力","1","0"
"Levier'n NābYss[MXM]","18","A","地力","0","0"
"MeteorA[MXM]","18","A","地力","0","0"
"Mirrorwall[MXM]","18","A","地力","0","0"
"NEO TREASON[GRV]","18","A","地力","0","0"
"Noisy Minority[MXM]","18","A","地力","1","0"
"Nostalgic Blood of the Strife[MXM]","18","A","地力","0","0"
"ouroboros -twin stroke of the end-[MXM]","18","A","地力","0","0"
"ΩVERSOUL[MXM]","18","A","地力","0","0"
"PROVOES*PROPOSE[GRV]","18","A","地力","0","0"
"Qubism[HVN]","18","A","地力","0","0"
"Reb∞t[GRV]","18","A","地力","0","0"
"THE HEAVEN[MXM]","18","A","地力","0","0"
"Wish upon Twin Stars[GRV]","18","A","地力","0","0"
"With It This Heaven?[MXM]","18","A","地力","0","0"
"XHAOS JUDGE","18","A","地力","0","0"
"XROSS THE XOUL[GRV]","18","A","地力","0","0"
"αρχη[MXM]","18","A","地力","0","0"
"オニユリ[MXM]","18","A","地力","0","1"
"上海紅茶館 ～ Chinese Tea Orchid[VVD]","18","A","地力","0","0"
"祝福の色彩は想い結ぶ君たち迄[MXM]","18","A","地力","0","0"
"†渚の小悪魔ラヴリィ～レイディオ†[MXM]","18","A","地力","0","1"
"Bangin' Burst[EXH]","18","A","鍵盤","1","0"
"Barbatos[MXM]","18","A","鍵盤","0","0"
"EMPIRE OF FLAME","18","A","鍵盤","0","0"
"GALAXY BURST[MXM]","18","A","鍵盤","0","0"
"INF-B《L-aste-R》[EXH]","18","A","鍵盤","0","0"
"Last Concerto[GRV]","18","A","鍵盤","1","0"
"m1dy Deluxe[MXM]","18","A","鍵盤","0","0"
"MODEL FT4[MXM]","18","A","鍵盤","0","0"
"pique[MXM]","18","A","鍵盤","0","0"
"Re:Elemental Creation[MXM]","18","A","鍵盤","0","0"
"Sayonara Planet Wars","18","A","鍵盤","1","0"
"STULTI[MXM]","18","A","鍵盤","0","0"
"Turn the story[MXM]","18","A","鍵盤","0","0"
"Übertreffen[MXM]","18","A","鍵盤","0","0"
"ULTiMATE INFLATiON[MXM]","18","A","鍵盤","0","0"
"V.I.P.[HVN]","18","A","鍵盤","1","0"
"ホワイトパレード[MXM]","18","A","鍵盤","0","0"
"ARROW RAIN[MXM]","18","A","つまみ","1","1"
"BEAST BASS BOMB[MXM]","18","A","つまみ","0","1"
"Cloud Crasher[GRV]","18","A","つまみ","0","0"
"#Endroll","18","A","つまみ","1","1"
"#Fairy_dancing_in_lake[VVD]","18","A","つまみ","1","1"
"Innocent[MXM]","18","A","つまみ","0","0"
"LECTORIA[MXM]","18","A","つまみ","0","1"
"Max Burning!![INF]","18","A","つまみ","0","0"
"Midnight City Warfare[MXM]","18","A","つまみ","0","0"
"mqlo[MXM]","18","A","つまみ","0","1"
"veRtrageS","18","A","つまみ","0","1"
"She is my wife ミツル子Remixちゃん[VVD]","18","A","つまみ","1","0"
"世界の果てに約束の凱歌を[MXM]","18","A","つまみ","0","1"
"魔理沙は大変なものを盗んで[GRV]","18","A","つまみ","1","1"
"#SpeedyCats[MXM]","18","B","地力","0","0"
"Absurd Gaff[GRV]","18","B","地力","0","0"
"apo:llioth[MXM]","18","B","地力","0","0"
"Aurolla[MXM]","18","B","地力","0","0"
"Blessing Bouquet[MXM]","18","B","地力","0","0"
"Boss Rush[MXM]","18","B","地力","0","0"
"Catch Our Fire ![MXM]","18","B","地力","0","0"
"Concertino in Blue[MXM]","18","B","地力","0","0"
"Crack Traxxx[GRV]","18","B","地力","0","0"
"crossing blue[MXM]","18","B","地力","0","0"
"Cynical joker[MXM]","18","B","地力","0","0"
"Demise Quartet","18","B","地力","0","0"
"DropZ-Line-[MXM]","18","B","地力","1","0"
"ΣgØ[EXH]","18","B","地力","0","0"
"FLOWER REDALiCE Remix[INF]","18","B","地力","0","0"
"Gate of Atlantis[MXM]","18","B","地力","1","1"
"Hug!! Vs. Hug!![MXM]","18","B","地力","0","0"
"jack-the-Ripper♦[MXM]","18","B","地力","0","0"
"JǛPITΨR ♃ GЯÃVITÝ[MXM]","18","B","地力","0","0"
"Katharsis[MXM]","18","B","地力","0","0"
"Khionos TiARA[MXM]","18","B","地力","0","0"
"L9[MXM]","18","B","地力","0","0"
"LastΩmegA[MXM]","18","B","地力","0","0"
"LegenD.","18","B","地力","0","1"
"Lowermost revolt[MXM]","18","B","地力","1","0"
"MAYHEM[EXH]","18","B","地力","0","0"
"Nexta[GRV]","18","B","地力","0","0"
"ΩVERFLOW[MXM]","18","B","地力","0","0"
"Over The Top[VVD]","18","B","地力","0","0"
"Prey[MXM]","18","B","地力","1","0"
"Pulsar[MXM]","18","B","地力","0","0"
"Яe's NoVǢ[MXM]","18","B","地力","0","0"
"REVOLVER","18","B","地力","0","0"
"SAMURAI TIGER[MXM]","18","B","地力","0","1"
"Solar Storm","18","B","地力","0","0"
"Taiko Drum Monster[MXM]","18","B","地力","0","0"
"Thank you for playing music[MXM]","18","B","地力","0","0"
"ULTRAVELOCITY[MXM]","18","B","地力","0","0"
"UnivEarth","18","B","地力","0","0"
"Valanga(polysha Remix)[MXM]","18","B","地力","0","0"
"We Go Down[MXM]","18","B","地力","0","0"
"極圏[EXH]","18","B","地力","0","0"
"神獄烙桜[MXM]","18","B","地力","0","0"
"セイクリッド ルイン[MXM]","18","B","地力","0","0"
"タイムトラベル[GRV]","18","B","地力","0","0"
"超超光速スピードスターかなで[MXM]","18","B","地力","0","1"
"ねこみみ(=ФωФ=)ぱんでみみっく[GRV]","18","B","地力","0","0"
"光射す澪のユズリハ[MXM]","18","B","地力","0","0"
"星の透る夏空に願う[MXM]","18","B","地力","0","0"
"ランカーキラーガール[MXM]","18","B","地力","0","0"
"BlueMoon Princess[MXM]","18","B","鍵盤","0","0"
"croiX[INF]","18","B","鍵盤","0","0"
"Elemental Creation(Kamome mix)[MXM]","18","B","鍵盤","0","1"
"eternite[MXM]","18","B","鍵盤","0","0"
"GaLaXyEggPlanT[MXM]","18","B","鍵盤","0","0"
"Ichi-Go! DX Pancake![VVD]","18","B","鍵盤","0","0"
"Legendary Road[MXM]","18","B","鍵盤","1","0"
"memento mori -intro-[MXM]","18","B","鍵盤","1","0"
"Nebulas[MXM]","18","B","鍵盤","0","0"
"Redshift[MXM]","18","B","鍵盤","0","0"
"Яe:son D'être[MXM]","18","B","鍵盤","0","1"
"Ring!Run!Nyan!![VVD]","18","B","鍵盤","0","0"
"The world of sound[HVN]","18","B","鍵盤","0","0"
"To:BrandNewDeadline[MXM]","18","B","鍵盤","0","0"
"Warriors Aboot","18","B","鍵盤","0","0"
"World's end","18","B","鍵盤","1","0"
"Xronièr [EXH]","18","B","鍵盤","0","0"
"きたさいたま2000[EXH]","18","B","鍵盤","1","0"
"業焔繚乱[GRV]","18","B","鍵盤","0","0"
"消失","18","B","鍵盤","1","0"
"ドーパミン","18","B","鍵盤","0","0"
"ファイナルレター[MXM]","18","B","鍵盤","0","0"
"プログレなぞなぞクイズのテーマ[MXM]","18","B","鍵盤","0","1"
"魔境堕天録サリエル[HVN]","18","B","鍵盤","0","0"
"C18H27NO3[HVN]","18","B","つまみ","0","0"
"Hellfire [GRV]","18","B","つまみ","0","0"
"Onigo[HVN]","18","B","つまみ","0","0"
"こちら、幸福安心委員会です。 [VVD]","18","B","つまみ","0","1"
"最終鬼畜妹フランドール・S[GRV]","18","B","つまみ","0","1"
"Angelic Jelly[GRV]","18","C","地力","0","0"
"AΩ[EXH]","18","C","地力","0","0"
"Atropa bella-donna[MXM]","18","C","地力","0","0"
"Be a Hero![MXM]","18","C","地力","0","0"
"Broken 8cmix[HVN]","18","C","地力","0","0"
"Cloud 9[MXM]","18","C","地力","0","0"
"Destiny[MXM]","18","C","地力","0","0"
"Electric Injuly[VVD]","18","C","地力","0","0"
"ΣmbryØ[EXH]","18","C","地力","0","0"
"FLOOR INFECTION Medley[MXM]","18","C","地力","0","0"
"Gamerz FestivaL[MXM]","18","C","地力","0","0"
"Goddess Bless you[MXM]","18","C","地力","0","0"
"Gorgetech[MXM]","18","C","地力","0","0"
"gigadelic (かめりあ's ""The TERA"" RMX)","18","C","地力","0","0"
"HP:1[MXM]","18","C","地力","0","1"
"I[EXH]","18","C","地力","0","0"
"IKAROS DYNAMITE!!!!","18","C","地力","0","0"
"Jacob`s Elevator[MXM]","18","C","地力","0","0"
"Lazurite[MXM]","18","C","地力","0","0"
"lEyl[MXM]","18","C","地力","0","0"
"Lunatic Sprinter[MXM]","18","C","地力","0","0"
"Make Magic[MXM]","18","C","地力","0","0"
"MeteorGlow Aftermath[MXM]","18","C","地力","0","0"
"MG277","18","C","地力","1","0"
"Prayer","18","C","地力","0","0"
"Sacrifice and Faith[MXM]","18","C","地力","0","0"
"Scarlet Lance[MXM]","18","C","地力","0","0"
"Seraphim","18","C","地力","0","0"
"SLEEPWALKER[VVD]","18","C","地力","0","0"
"Sky High[MXM]","18","C","地力","0","0"
"Teufel[MXM]","18","C","地力","0","0"
"Triple Counter[GRV]","18","C","地力","0","0"
"Ultimate Ascension","18","C","地力","0","0"
"Unicorn tail Dustnoxxxx RMX[VVD]","18","C","地力","0","0"
"Valkyrja ~Aldrlag~[MXM]","18","C","地力","0","0"
"Wings of Glory[MXM]","18","C","地力","0","0"
"金縛りの逢を[HVN]","18","C","地力","0","0"
"月々紅花[VVD]","18","C","地力","0","0"
"月光乱舞[EXH]","18","C","地力","0","0"
"幻想のサテライト[HVN]","18","C","地力","0","0"
"混乱少女そふらんちゃん!!","18","C","地力","1","1"
"壊 Rave*it!! 壊 Rave*it!![MXM]","18","C","地力","0","0"
"翠雨の祷[MXM]","18","C","地力","0","0"
"そして黄金郷へ[MXM]","18","C","地力","0","0"
"東方妖々夢 ULTIMATE MEDLEY","18","C","地力","0","0"
"ムラサキグルマ","18","C","地力","0","0"
"冥天・ヘメロカリス","18","C","地力","0","1"
"メイビ～初恋!?ビスケット☆大作戦[MXM]","18","C","地力","0","0"
"Φnd:you[MXM]","18","C","鍵盤","0","0"
"Blastix Riotz[EXH]","18","C","鍵盤","0","0"
"Celestial stinger[GRV]","18","C","鍵盤","0","0"
"ECHIDNA[MXM]","18","C","鍵盤","0","0"
"eighth-slave[MXM]","18","C","鍵盤","0","0"
"FIN4LE ～終止線の彼方へ～[EXH]","18","C","鍵盤","0","0"
"GAIA[MXM]","18","C","鍵盤","0","0"
"Lachryma《Re:Queen’M》[EXH]","18","C","鍵盤","0","0"
"Leviathan[MXM]","18","C","鍵盤","1","0"
"Nhelv[MXM]","18","C","鍵盤","1","0"
"Ok!! Hug Me[GRV]","18","C","鍵盤","0","0"
"Preserved Valkyria[EXH]","18","C","鍵盤","0","0"
"Quaint Echo","18","C","鍵盤","0","0"
"Socius[MXM]","18","C","鍵盤","0","0"
"VVelcome!![EXH]","18","C","鍵盤","0","0"
"WHITEOUT[EXH]","18","C","鍵盤","0","0"
"Xepher Light and Darkness[GRV]","18","C","鍵盤","1","0"
"極彩天奏[MXM]","18","C","鍵盤","0","0"
"絶対零度","18","C","鍵盤","0","0"
"消失(Hommarju Rremix)[MXM]","18","C","鍵盤","0","0"
"伐折羅-vajra-","18","C","鍵盤","0","0"
"雷鼓サンダービート[MXM]","18","C","鍵盤","0","0"
"Akzeriyyuth[MXM]","18","C","つまみ","0","0"
"BLAZING_LAZER[MXM]","18","C","つまみ","0","0"
"Fox4-Raize-","18","C","つまみ","0","0"
"On take SUN[MXM]","18","C","つまみ","0","0"
"OPEN MY GATE[MXM]","18","C","つまみ","0","0"
"SUPER SUMMER SALE[MXM]","18","C","つまみ","0","1"
"Touch My Body[MXM]","18","C","つまみ","0","0"
"おはようからおやすみまでかまってポメポメ[VVD]","18","C","つまみ","0","0"
"蛇神[MXM]","18","C","つまみ","0","0"
"トマヨイ[VVD]","18","C","つまみ","0","0"
"のぼれ八坂坂！[MXM]","18","C","つまみ","0","1"
"マサカリブレイド","18","C","つまみ","0","0"
"真っ白な靴[GRV]","18","C","つまみ","0","1"
"まじかる生主＠りすなちゃん[GRV]","18","C","つまみ","0","0"
"冥 Rockin' SWING REMIX[INF]","18","C","つまみ","0","1"
"Butterfly Twist[MXM]","18","D","地力","0","0"
"Beyond the BLUE[MXM]","18","D","地力","0","0"
"BLACK or WHITE?[EXH]","18","D","地力","0","0"
"Bolérrot[MXM]","18","D","地力","0","0"
"Breakin` Asia[MXM]","18","D","地力","0","0"
"Ethereal Lotus[MXM]","18","D","地力","0","0"
"Evans[MXM]","18","D","地力","0","0"
"Evans VolteX Pf arrange[HVN]","18","D","地力","0","0"
"*Feels Seasickness...*[EXH]","18","D","地力","0","1"
"FLügeL《Λrp:ΣggyØ》[EXH]","18","D","地力","0","0"
"Ghost Trigger[MXM]","18","D","地力","0","0"
"Glitter Flatter Scatter[MXM]","18","D","地力","0","0"
"Grand-Guignol[MXM]","18","D","地力","0","0"
"Growth Memories[EXH]","18","D","地力","0","0"
"Invitation from Mr.C","18","D","地力","0","0"
"Liar rain[GRV]","18","D","地力","0","0"
"Mynarco(Nagomu 2Step Remix)[MXM]","18","D","地力","0","0"
"NEO GRAVITY","18","D","地力","0","0"
"New Decade[MXM]","18","D","地力","0","0"
"petits fours[MXM]","18","D","地力","0","0"
"POLICY BREAK Medley[MXM]","18","D","地力","0","1"
"Pon-Pon-Pompoko Dai-Sen-Saw!","18","D","地力","0","0"
"Puberty Dysthymia[MXM]","18","D","地力","0","0"
"RHYZING BEAT[MXM]","18","D","地力","0","0"
"Sakura Reflection(P*Light Remix)[VVD]","18","D","地力","0","0"
"Spirit of the Beast[MXM]","18","D","地力","0","0"
"Sweet Requiem[MXM]","18","D","地力","0","0"
"The Golden Era[MXM]","18","D","地力","0","0"
"tricky trick","18","D","地力","0","0"
"VILE CAT","18","D","地力","0","0"
"World of Iris[VVD]","18","D","地力","0","0"
"Xicholauncher[MXM]","18","D","地力","0","0"
"怪盗Fの台本 ～消えたダイヤの謎～[MXM]","18","D","地力","0","0"
"孤独の番人[HVN]","18","D","地力","0","0"
"誰が為に兎は舞う＝狂速狂騒曲＝[MXM]","18","D","地力","0","0"
"ミッドナイト☆WAR[MXM]","18","D","地力","0","0"
"ミュージックプレイヤー[MXM]","18","D","地力","0","0"
"春告胡蝶[MXM]","18","D","地力","0","0"
"Angels And Demons","18","D","鍵盤","1","0"
"Black Emperor[EXH]","18","D","鍵盤","0","0"
"Black Lotus[MXM]","18","D","鍵盤","0","0"
"Cepheus[MXM]","18","D","鍵盤","0","0"
"Divine`s or Deal[MXM]","18","D","鍵盤","0","0"
"GEOMETRIA","18","D","鍵盤","1","0"
"HAELE III ～Angel Worlds～[GRV]","18","D","鍵盤","0","0"
"INSECTICIDE[EXH]","18","D","鍵盤","0","0"
"Symphonic Tear[MXM]","18","D","鍵盤","0","0"
"Typhoon Craaash!![GRV]","18","D","鍵盤","0","0"
"Victim of Nights[MXM]","18","D","鍵盤","0","0"
"Vividly Impromptu[MXM]","18","D","鍵盤","1","0"
"werewolf howls.","18","D","鍵盤","0","0"
"アルティメットトゥルース_-Phantasm-","18","D","鍵盤","1","0"
"おお われら喜び讃うべし、主よ[VVD]","18","D","鍵盤","0","0"
"お米の美味しい炊き方、[MXM]","18","D","鍵盤","0","0"
"恋歌疾風！かるたクイーンいろは[MXM]","18","D","鍵盤","0","0"
"侍Annihilate!!","18","D","鍵盤","0","0"
"到達してしまった僕らと夢と希望の最之果","18","D","鍵盤","0","0"
"ドリームエンド・サバイバー[MXM]","18","D","鍵盤","0","0"
"無魎大数[MXM]","18","D","鍵盤","0","0"
"↓↓↓","18","D","つまみ","0","0"
"FLOWER[EXH]","18","D","つまみ","0","0"
"New Leaf[MXM]","18","D","つまみ","0","0"
"Ops:Code-Rapture-","18","D","つまみ","0","0"
"Our Love[MXM]","18","D","つまみ","0","0"
"OZONE[GRV]","18","D","つまみ","0","0"
"rE:Voltagers[GRV]","18","D","つまみ","0","0"
"VALLIS-NERIA","18","D","つまみ","0","1"
"V Sen5eS[MXM]","18","D","つまみ","0","0"
"永遠に幸せになる方法[MXM]","18","D","つまみ","1","0"
"スラッシュ//シスターズ[MXM]","18","D","つまみ","0","0"
"ワールズエンド・ダンスホール[MXM]","18","D","つまみ","0","1"
"Black night[MXM]","18","E","地力","0","0"
"Defining Future[MXM]","18","E","地力","0","0"
"Dreadnought[MXM]","18","E","地力","0","0"
"FIRE IN MY HEART[MXM]","18","E","地力","1","1"
"JEHANNEDARC","18","E","地力","0","0"
"METATRON[MXM]","18","E","地力","0","0"
"Night Rockin` Bird[MXM]","18","E","地力","0","0"
"Renegade Fruits[GRV]","18","E","地力","0","0"
"TRICKL4SH 220[MXM]","18","E","地力","0","0"
"アオアラシ[MXM]","18","E","地力","0","0"
"狂水一華[MXM]","18","E","地力","0","0"
"水簾ノ調[MXM]","18","E","地力","0","0"
"びいすと！[MXM]","18","E","地力","0","1"
"Endless Gravity","18","E","鍵盤","0","0"
"End to end","18","E","鍵盤","0","0"
"Fin.ArcDeaR[EXH]","18","E","鍵盤","0","0"
"The Formula[MXM]","18","E","鍵盤","1","0"
"XyHATTE[EXH]","18","E","鍵盤","0","0"
"ALTONA[GRV]","18","E","つまみ","0","0"
"MONOLITH[MXM]","18","E","つまみ","0","0"
"腐れ外道とチョコレゐト[HVN]","18","E","つまみ","0","0"
"灼熱Beach Side Bunny","18","E","つまみ","1","0"
"Barbless Ego[GRV]","18","F","地力","0","0"
"KIMIDORI Streak!![MXM]","18","F","地力","0","0"
"PANIC HOLIC[GRV]","18","F","地力","0","1"
"REDO the NIGHT[GRV]","18","F","地力","0","0"
"She Turns Me On[GRV]","18","F","地力","0","0"
"諏訪大信仰[MXM]","18","F","地力","0","0"
"Enchanté[MXM]","18","F","つまみ","0","0"
"Opium and Purple haze[GRV]","18","F","つまみ","1","1"
"Theme of Ricerca[MXM]","18","F","つまみ","0","0"
"最小三倍完全数[MXM]","18","F","つまみ","0","0"
"666[EXH]","18","18A+~18C","地力","1","0"
"PARTY TIME![MXM]","18","18A～18E","地力","1","0"
"SAtAN[MXM]","18","18A+～18D","地力","1","1"
"Sudden Visitor","18","18A+～18D","鍵盤","1","0"
"V[MXM]","18","18A+～18D","鍵盤","1","0"
"Believe In Yourself[GRV]","18","18A～18E","つまみ","1","1"
"Firestorm","18","19B～17C","つまみ","1","1"
"SACRIFICE feat.ayame[MXM]","18","18A～18E","つまみ","1","1"
"Dyscontrolled Galaxy[MXM]","19","S","鍵盤","0","0"
"Xroniàl Xéro[MXM]","19","S","鍵盤","1","0"
"666[MXM]","20","S","地力","0","0"
"Ghost Family Living In Graveyard[MXM]","19","A+","地力","0","1"
"KAC 2013 MEDLEY Emperor Side[GRV]","19","A+","地力","0","0"
"KAC 2013 MEDLEY Empress Side[MXM]","19","A+","地力","0","0"
"Quietus Ray[HVN]","19","A+","地力","0","0"
"ENDYMION[MXM]","19","A+","鍵盤","1","1"
"卑弥呼[MXM]","19","A+","鍵盤","0","1"
"Daisycutter[MXM]","19","A+","つまみ","0","0"
"ΣmbryØ[MXM]","20","A+","地力","0","0"
"*Erm,～ ShockWAVE Syndrome...?[MXM]","20","A+","地力","0","1"
"I[MXM]","20","A+","地力","0","0"
"VVelcome!![MXM]","20","A+","鍵盤","0","0"
"Absolute Domination[MXM]","19","A","地力","0","0"
"Bangin' Burst[GRV]","19","A","地力","0","0"
"Booths of Fighters[HVN]","19","A","地力","0","0"
"FLügeL《Λrp:ΣggyØ》[GRV]","19","A","地力","1","0"
"For UltraPlayers[HVN]","19","A","地力","0","0"
"OUTERHEΛVEN[MXM]","19","A","地力","0","0"
"TENKAICHI ULTIMATE MEDLEY[MXM]","19","A","地力","0","0"
"色を喪った街[MXM]","19","A","地力","0","1"
"Awakening[MXM]","19","A","鍵盤","0","0"
"Blastix Riotz[GRV]","19","A","鍵盤","1","0"
"Calamity Tempest[MXM]","19","A","鍵盤","0","0"
"Chrono Diver -PENDULUMs-[MXM]","19","A","鍵盤","1","0"
"INF-B《L-aste-R》[VVD]","19","A","鍵盤","0","0"
"ЯeviveR[MXM]","19","A","鍵盤","0","0"
"ΣgØ[MXM]","20","A","地力","0","0"
"FIN4LE ～終止線の彼方へ～[MXM]","20","A","地力","0","0"
"MAYHEM[MXM]","20","A","地力","0","0"
"Xronièr [MXM]","20","A","地力","0","0"
"WHITEOUT[MXM]","20","A","鍵盤","0","0"
"ΑΩ[GRV]","19","B","地力","0","0"
"Failnaught[MXM]","19","B","地力","0","0"
"GERBERA -For Finalists-[MXM]","19","B","地力","0","0"
"Last Resort[MXM]","19","B","地力","0","0"
"セイレーン ～悲壮の竪琴～[MXM]","19","B","地力","0","0"
"バンブーソード・ガール[HVN]","19","B","地力","0","0"
"飄える翼追い掛けて[MXM]","19","B","地力","0","0"
"Fly Like You[MXM]","19","B","鍵盤","1","0"
"Lancelot ～Flame of the Rebellion～[MXM]","19","B","鍵盤","0","0"
"Redshift 2nd Ignition[MXM]","19","B","鍵盤","0","0"
"THE凸GENERATOR[MXM]","19","B","鍵盤","0","0"
"Verse IV[HVN]","19","B","鍵盤","0","0"
"Xéroa[MXM]","19","B","鍵盤","1","0"
"*Feels Seasickness...*[MXM]","20","B","地力","0","1"
"HE4VEN ～天国へようこそ～[MXM]","20","B","地力","0","0"
"iLLness LiLin[MXM]","20","B","鍵盤","0","0"
"Lachryma《Re:Queen’M》[GRV]","20","B","鍵盤","0","0"
"Elemental Creation[MXM]","19","C","地力","0","0"
"Everlasting Message[GRV]","19","C","地力","0","0"
"Innocent tempest[VVD]","19","C","地力","0","1"
"ΛΛemoria[MXM]","19","C","地力","0","0"
"†:OLPHEUX:†[MXM]","19","C","地力","0","0"
"TWO-TORIAL[MXM]","19","C","地力","0","0"
"9TH5IN[MXM]","19","C","鍵盤","0","0"
"A Lasting Promise[MXM]","19","C","鍵盤","1","0"
"FREEDOM DiVE[MXM]","19","C","鍵盤","0","0"
"Preserved Valkyria[GRV]","19","C","鍵盤","0","0"
"voltississimo[MXM]","19","C","鍵盤","0","0"
"θコトノハθカプセルθ[MXM]","19","C","鍵盤","0","0"
"ANGER of the GOD[MXM]","19","D","地力","0","0"
"Cross Fire[MXM","19","D","地力","0","0"
"FLOWER[HVN]","19","D","地力","0","0"
"GODHEART[MXM]","19","D","地力","0","0"
"INSECTICIDE[HVN]","19","D","地力","0","0"
"Lisa-RICCIA[MXM]","19","D","地力","1","0"
"Staring at star[MXM]","19","D","地力","0","0"
"XROSS INFECTION[GRV]","19","D","地力","0","0"
"きたさいたま2000[HVN]","19","D","地力","0","0"
"Black Emperor[GRV]","19","D","鍵盤","1","0"
"Deadly force[MXM]","19","D","鍵盤","1","0"
"IX[VVD]","19","D","鍵盤","0","0"
"Trill auf G[MXM]","19","D","鍵盤","0","0"
"XyHATTE[GRV]","19","D","鍵盤","0","0"
"Ganymede kamome mix[INF]","19","E","地力","1","0"
"Growth Memories[GRV]","19","E","地力","0","0"
"逆月[MXM]","19","E","地力","0","0"
"極圏[HVN]","19","E","地力","0","0"
"ラクガキスト[VVD]","19","E","地力","0","0"
"snow storm -euphoria-[GRV]","19","E","鍵盤","0","0"
"大宇宙ステージ[GRV]","19","E","鍵盤","1","0"
"DIABLOSIS::Nāga[GRV]","19","E","つまみ","0","0"
"Fin.ArcDeaR[MXM]","19","F","地力","0","0"
"Got more raves？[HVN]","19","F","地力","0","0"
"Lord=Crossight[GRV]","19","F","地力","0","0"
"音楽 -resolve-[VVD]","19","F","地力","0","1"
"月光乱舞[GRV]","19","F","地力","0","0"
"Immortal Saga[MXM]","19","F","鍵盤","0","0"
"Sailing Force[MXM]","19","F","鍵盤","0","0"
"BLACK or WHITE?[GRV]","19","F","つまみ","0","0"
"LubedeR[MXM]","19","F","つまみ","0","1"
"BELOBOG[MXM]","19","19S～19E","鍵盤","1","1"
